filename,t,m,x,q
frame_0.jpg,5,5,0.02,5000
frame_1.jpg,5,5,0.02,5000
frame_2.jpg,5,5,0.02,5000
frame_3.jpg,5,5,0.02,5000
frame_4.jpg,5,5,0.02,5000
frame_5.jpg,5,5,0.02,5000
frame_6.jpg,5,5,0.02,5000
frame_7.jpg,5,5,0.02,5000
frame_8.jpg,5,5,0.02,5000
frame_9.jpg,5,5,0.02,5000
frame_10.jpg,5,5,0.02,5000
frame_11.jpg,5,5,0.02,5000
frame_12.jpg,5,5,0.02,5000
frame_13.jpg,5,5,0.02,5000
frame_14.jpg,5,5,0.02,5000
frame_15.jpg,5,5,0.02,5000
frame_16.jpg,5,5,0.02,5000
frame_17.jpg,5,5,0.02,5000
frame_18.jpg,5,5,0.02,5000
frame_19.jpg,5,5,0.02,5000
frame_20.jpg,5,5,0.02,5000
frame_21.jpg,5,5,0.02,5000
frame_22.jpg,5,5,0.02,5000
frame_23.jpg,5,5,0.02,5000
frame_24.jpg,5,5,0.02,5000
frame_25.jpg,5,5,0.02,5000
frame_26.jpg,5,5,0.02,5000
frame_27.jpg,5,5,0.02,5000
frame_28.jpg,5,5,0.02,5000
frame_29.jpg,5,5,0.02,5000
frame_30.jpg,5,5,0.02,5000
frame_31.jpg,5,5,0.02,5000
frame_32.jpg,5,5,0.02,5000
frame_33.jpg,5,5,0.02,5000
frame_34.jpg,5,5,0.02,5000
frame_35.jpg,5,5,0.02,5000
frame_36.jpg,5,5,0.02,5000
frame_37.jpg,5,5,0.02,5000
frame_38.jpg,5,5,0.02,5000
frame_39.jpg,5,5,0.02,5000
frame_40.jpg,5,5,0.02,5000
frame_41.jpg,5,5,0.02,5000
frame_42.jpg,5,5,0.02,5000
frame_43.jpg,5,5,0.02,5000
frame_44.jpg,5,5,0.02,5000
frame_45.jpg,5,5,0.02,5000
frame_46.jpg,5,5,0.02,5000
frame_47.jpg,5,5,0.02,5000
frame_48.jpg,5,5,0.02,5000
frame_49.jpg,5,5,0.02,5000
frame_50.jpg,5,5,0.02,5000
frame_51.jpg,5,5,0.02,5000
frame_52.jpg,5,5,0.02,5000
frame_53.jpg,5,5,0.02,5000
frame_54.jpg,5,5,0.02,5000
frame_55.jpg,5,5,0.02,5000
frame_56.jpg,5,5,0.02,5000
frame_57.jpg,5,5,0.02,5000
frame_58.jpg,5,5,0.02,5000
frame_59.jpg,5,5,0.02,5000
frame_60.jpg,5,5,0.02,5000
frame_61.jpg,5,5,0.02,5000
frame_62.jpg,5,5,0.02,5000
frame_63.jpg,5,5,0.02,5000
frame_64.jpg,5,5,0.02,5000
frame_65.jpg,5,5,0.02,5000
frame_66.jpg,5,5,0.02,5000
frame_67.jpg,5,5,0.02,5000
frame_68.jpg,5,5,0.02,5000
frame_69.jpg,5,5,0.02,5000
frame_70.jpg,5,5,0.02,5000
frame_71.jpg,5,5,0.02,5000
frame_72.jpg,5,5,0.02,5000
frame_73.jpg,5,5,0.02,5000
frame_74.jpg,5,5,0.02,5000
frame_75.jpg,5,5,0.02,5000
frame_76.jpg,5,5,0.02,5000
frame_77.jpg,5,5,0.02,5000
frame_78.jpg,5,5,0.02,5000
frame_79.jpg,5,5,0.02,5000
frame_80.jpg,5,5,0.02,5000
frame_81.jpg,5,5,0.02,5000
frame_82.jpg,5,5,0.02,5000
frame_83.jpg,5,5,0.02,5000
frame_84.jpg,5,5,0.02,5000
frame_85.jpg,5,5,0.02,5000
frame_86.jpg,5,5,0.02,5000
frame_87.jpg,5,5,0.02,5000
frame_88.jpg,5,5,0.02,5000
frame_89.jpg,5,5,0.02,5000
frame_90.jpg,5,5,0.02,5000
frame_91.jpg,5,5,0.02,5000
frame_92.jpg,5,5,0.02,5000
frame_93.jpg,5,5,0.02,5000
frame_94.jpg,5,5,0.02,5000
frame_95.jpg,5,5,0.02,5000
frame_96.jpg,5,5,0.02,5000
frame_97.jpg,5,5,0.02,5000
frame_98.jpg,5,5,0.02,5000
frame_99.jpg,5,5,0.02,5000
frame_100.jpg,5,5,0.02,5000
frame_101.jpg,5,5,0.02,5000
frame_102.jpg,5,5,0.02,5000
frame_103.jpg,5,5,0.02,5000
frame_104.jpg,5,5,0.02,5000
frame_105.jpg,5,5,0.02,5000
frame_106.jpg,5,5,0.02,5000
frame_107.jpg,5,5,0.02,5000
frame_108.jpg,5,5,0.02,5000
frame_109.jpg,5,5,0.02,5000
frame_110.jpg,5,5,0.02,5000
frame_111.jpg,5,5,0.02,5000
frame_112.jpg,5,5,0.02,5000
frame_113.jpg,5,5,0.02,5000
frame_114.jpg,5,5,0.02,5000
frame_115.jpg,5,5,0.02,5000
frame_116.jpg,5,5,0.02,5000
frame_117.jpg,5,5,0.02,5000
frame_118.jpg,5,5,0.02,5000
frame_119.jpg,5,5,0.02,5000
frame_120.jpg,5,5,0.02,5000
frame_121.jpg,5,5,0.02,5000
frame_122.jpg,5,5,0.02,5000
frame_123.jpg,5,5,0.02,5000
frame_124.jpg,5,5,0.02,5000
frame_125.jpg,5,5,0.02,5000
frame_126.jpg,5,5,0.02,5000
frame_127.jpg,5,5,0.02,5000
frame_128.jpg,5,5,0.02,5000
frame_129.jpg,5,5,0.02,5000
frame_130.jpg,5,5,0.02,5000
frame_131.jpg,5,5,0.02,5000
frame_132.jpg,5,5,0.02,5000
frame_133.jpg,5,5,0.02,5000
frame_134.jpg,5,5,0.02,5000
frame_135.jpg,5,5,0.02,5000
frame_136.jpg,5,5,0.02,5000
frame_137.jpg,5,5,0.02,5000
frame_138.jpg,5,5,0.02,5000
frame_139.jpg,5,5,0.02,5000
frame_140.jpg,5,5,0.02,5000
frame_141.jpg,5,5,0.02,5000
frame_142.jpg,5,5,0.02,5000
frame_143.jpg,5,5,0.02,5000
frame_144.jpg,5,5,0.02,5000
frame_145.jpg,5,5,0.02,5000
frame_146.jpg,5,5,0.02,5000
frame_147.jpg,5,5,0.02,5000
frame_148.jpg,5,5,0.02,5000
frame_149.jpg,5,5,0.02,5000
frame_150.jpg,5,5,0.02,5000
frame_151.jpg,5,5,0.02,5000
frame_152.jpg,5,5,0.02,5000
frame_153.jpg,5,5,0.02,5000
frame_154.jpg,5,5,0.02,5000
frame_155.jpg,5,5,0.02,5000
frame_156.jpg,5,5,0.02,5000
frame_157.jpg,5,5,0.02,5000
frame_158.jpg,5,5,0.02,5000
frame_159.jpg,5,5,0.02,5000
frame_160.jpg,5,5,0.02,5000
frame_161.jpg,5,5,0.02,5000
frame_162.jpg,5,5,0.02,5000
frame_163.jpg,5,5,0.02,5000
frame_164.jpg,5,5,0.02,5000
frame_165.jpg,5,5,0.02,5000
frame_166.jpg,5,5,0.02,5000
frame_167.jpg,5,5,0.02,5000
frame_168.jpg,5,5,0.02,5000
frame_169.jpg,5,5,0.02,5000
frame_170.jpg,5,5,0.02,5000
frame_171.jpg,5,5,0.02,5000
frame_172.jpg,5,5,0.02,5000
frame_173.jpg,5,5,0.02,5000
frame_174.jpg,5,5,0.02,5000
frame_175.jpg,5,5,0.02,5000
frame_176.jpg,5,5,0.02,5000
frame_177.jpg,5,5,0.02,5000
frame_178.jpg,5,5,0.02,5000
frame_179.jpg,5,5,0.02,5000
frame_180.jpg,5,5,0.02,5000
frame_181.jpg,5,5,0.02,5000
frame_182.jpg,5,5,0.02,5000
frame_183.jpg,5,5,0.02,5000
frame_184.jpg,5,5,0.02,5000
frame_185.jpg,5,5,0.02,5000
frame_186.jpg,5,5,0.02,5000
frame_187.jpg,5,5,0.02,5000
frame_188.jpg,5,5,0.02,5000
frame_189.jpg,5,5,0.02,5000
frame_190.jpg,5,5,0.02,5000
frame_191.jpg,5,5,0.02,5000
frame_192.jpg,5,5,0.02,5000
frame_193.jpg,5,5,0.02,5000
frame_194.jpg,5,5,0.02,5000
frame_195.jpg,5,5,0.02,5000
frame_196.jpg,5,5,0.02,5000
frame_197.jpg,5,5,0.02,5000
frame_198.jpg,5,5,0.02,5000
frame_199.jpg,5,5,0.02,5000
frame_200.jpg,5,5,0.02,5000
frame_201.jpg,5,5,0.02,5000
frame_202.jpg,5,5,0.02,5000
frame_203.jpg,5,5,0.02,5000
frame_204.jpg,5,5,0.02,5000
frame_205.jpg,5,5,0.02,5000
frame_206.jpg,5,5,0.02,5000
frame_207.jpg,5,5,0.02,5000
frame_208.jpg,5,5,0.02,5000
frame_209.jpg,5,5,0.02,5000
frame_210.jpg,5,5,0.02,5000
frame_211.jpg,5,5,0.02,5000
frame_212.jpg,5,5,0.02,5000
frame_213.jpg,5,5,0.02,5000
frame_214.jpg,5,5,0.02,5000
frame_215.jpg,5,5,0.02,5000
frame_216.jpg,5,5,0.02,5000
frame_217.jpg,5,5,0.02,5000
frame_218.jpg,5,5,0.02,5000
frame_219.jpg,5,5,0.02,5000
frame_220.jpg,5,5,0.02,5000
frame_221.jpg,5,5,0.02,5000
frame_222.jpg,5,5,0.02,5000
frame_223.jpg,5,5,0.02,5000
frame_224.jpg,5,5,0.02,5000
frame_225.jpg,5,5,0.02,5000
frame_226.jpg,5,5,0.02,5000
frame_227.jpg,5,5,0.02,5000
frame_228.jpg,5,5,0.02,5000
frame_229.jpg,5,5,0.02,5000
frame_230.jpg,5,5,0.02,5000
frame_231.jpg,5,5,0.02,5000
frame_232.jpg,5,5,0.02,5000
frame_233.jpg,5,5,0.02,5000
frame_234.jpg,5,5,0.02,5000
frame_235.jpg,5,5,0.02,5000
frame_236.jpg,5,5,0.02,5000
frame_237.jpg,5,5,0.02,5000
frame_238.jpg,5,5,0.02,5000
frame_239.jpg,5,5,0.02,5000
frame_240.jpg,5,5,0.02,5000
frame_241.jpg,5,5,0.02,5000
frame_242.jpg,5,5,0.02,5000
frame_243.jpg,5,5,0.02,5000
frame_244.jpg,5,5,0.02,5000
frame_245.jpg,5,5,0.02,5000
frame_246.jpg,5,5,0.02,5000
frame_247.jpg,5,5,0.02,5000
frame_248.jpg,5,5,0.02,5000
frame_249.jpg,5,5,0.02,5000
frame_250.jpg,5,5,0.02,5000
frame_251.jpg,5,5,0.02,5000
frame_252.jpg,5,5,0.02,5000
frame_253.jpg,5,5,0.02,5000
frame_254.jpg,5,5,0.02,5000
frame_255.jpg,5,5,0.02,5000
frame_256.jpg,5,5,0.02,5000
frame_257.jpg,5,5,0.02,5000
frame_258.jpg,5,5,0.02,5000
frame_259.jpg,5,5,0.02,5000
frame_260.jpg,5,5,0.02,5000
frame_261.jpg,5,5,0.02,5000
frame_262.jpg,5,5,0.02,5000
frame_263.jpg,5,5,0.02,5000
frame_264.jpg,5,5,0.02,5000
frame_265.jpg,5,5,0.02,5000
frame_266.jpg,5,5,0.02,5000
frame_267.jpg,5,5,0.02,5000
frame_268.jpg,5,5,0.02,5000
frame_269.jpg,5,5,0.02,5000
frame_270.jpg,5,5,0.02,5000
frame_271.jpg,5,5,0.02,5000
frame_272.jpg,5,5,0.02,5000
frame_273.jpg,5,5,0.02,5000
frame_274.jpg,5,5,0.02,5000
frame_275.jpg,5,5,0.02,5000
frame_276.jpg,5,5,0.02,5000
frame_277.jpg,5,5,0.02,5000
frame_278.jpg,5,5,0.02,5000
frame_279.jpg,5,5,0.02,5000
frame_280.jpg,5,5,0.02,5000
frame_281.jpg,5,5,0.02,5000
frame_282.jpg,5,5,0.02,5000
frame_283.jpg,5,5,0.02,5000
frame_284.jpg,5,5,0.02,5000
frame_285.jpg,5,5,0.02,5000
frame_286.jpg,5,5,0.02,5000
frame_287.jpg,5,5,0.02,5000
frame_288.jpg,5,5,0.02,5000
frame_289.jpg,5,5,0.02,5000
frame_290.jpg,5,5,0.02,5000
frame_291.jpg,5,5,0.02,5000
frame_292.jpg,5,5,0.02,5000
frame_293.jpg,5,5,0.02,5000
frame_294.jpg,5,5,0.02,5000
frame_295.jpg,5,5,0.02,5000
frame_296.jpg,5,5,0.02,5000
frame_297.jpg,5,5,0.02,5000
frame_298.jpg,5,5,0.02,5000
frame_299.jpg,5,5,0.02,5000
frame_300.jpg,5,5,0.02,5000
frame_301.jpg,5,5,0.02,5000
frame_302.jpg,5,5,0.02,5000
frame_303.jpg,5,5,0.02,5000
frame_304.jpg,5,5,0.02,5000
frame_305.jpg,5,5,0.02,5000
frame_306.jpg,5,5,0.02,5000
frame_307.jpg,5,5,0.02,5000
frame_308.jpg,5,5,0.02,5000
frame_309.jpg,5,5,0.02,5000
frame_310.jpg,5,5,0.02,5000
frame_311.jpg,5,5,0.02,5000
frame_312.jpg,5,5,0.02,5000
frame_313.jpg,5,5,0.02,5000
frame_314.jpg,5,5,0.02,5000
frame_315.jpg,5,5,0.02,5000
frame_316.jpg,5,5,0.02,5000
frame_317.jpg,5,5,0.02,5000
frame_318.jpg,5,5,0.02,5000
frame_319.jpg,5,5,0.02,5000
frame_320.jpg,5,5,0.02,5000
frame_321.jpg,5,5,0.02,5000
frame_322.jpg,5,5,0.02,5000
frame_323.jpg,5,5,0.02,5000
frame_324.jpg,5,5,0.02,5000
frame_325.jpg,5,5,0.02,5000
frame_326.jpg,5,5,0.02,5000
frame_327.jpg,5,5,0.02,5000
frame_328.jpg,5,5,0.02,5000
frame_329.jpg,5,5,0.02,5000
frame_330.jpg,5,5,0.02,5000
frame_331.jpg,5,5,0.02,5000
frame_332.jpg,5,5,0.02,5000
frame_333.jpg,5,5,0.02,5000
frame_334.jpg,5,5,0.02,5000
frame_335.jpg,5,5,0.02,5000
frame_336.jpg,5,5,0.02,5000
frame_337.jpg,5,5,0.02,5000
frame_338.jpg,5,5,0.02,5000
frame_339.jpg,5,5,0.02,5000
frame_340.jpg,5,5,0.02,5000
frame_341.jpg,5,5,0.02,5000
frame_342.jpg,5,5,0.02,5000
frame_343.jpg,5,5,0.02,5000
frame_344.jpg,5,5,0.02,5000
frame_345.jpg,5,5,0.02,5000
frame_346.jpg,5,5,0.02,5000
frame_347.jpg,5,5,0.02,5000
frame_348.jpg,5,5,0.02,5000
frame_349.jpg,5,5,0.02,5000
frame_350.jpg,5,5,0.02,5000
frame_351.jpg,5,5,0.02,5000
frame_352.jpg,5,5,0.02,5000
frame_353.jpg,5,5,0.02,5000
frame_354.jpg,5,5,0.02,5000
frame_355.jpg,5,5,0.02,5000
frame_356.jpg,5,5,0.02,5000
frame_357.jpg,5,5,0.02,5000
frame_358.jpg,5,5,0.02,5000
frame_359.jpg,5,5,0.02,5000
frame_360.jpg,5,5,0.02,5000
frame_361.jpg,5,5,0.02,5000
frame_362.jpg,5,5,0.02,5000
frame_363.jpg,5,5,0.02,5000
frame_364.jpg,5,5,0.02,5000
frame_365.jpg,5,5,0.02,5000
frame_366.jpg,5,5,0.02,5000
frame_367.jpg,5,5,0.02,5000
frame_368.jpg,5,5,0.02,5000
frame_369.jpg,5,5,0.02,5000
frame_370.jpg,5,5,0.02,5000
frame_371.jpg,5,5,0.02,5000
frame_372.jpg,5,5,0.02,5000
frame_373.jpg,5,5,0.02,5000
frame_374.jpg,5,5,0.02,5000
frame_375.jpg,5,5,0.02,5000
frame_376.jpg,5,5,0.02,5000
frame_377.jpg,5,5,0.02,5000
frame_378.jpg,5,5,0.02,5000
frame_379.jpg,5,5,0.02,5000
frame_380.jpg,5,5,0.02,5000
frame_381.jpg,5,5,0.02,5000
frame_382.jpg,5,5,0.02,5000
frame_383.jpg,5,5,0.02,5000
frame_384.jpg,5,5,0.02,5000
frame_385.jpg,5,5,0.02,5000
frame_386.jpg,5,5,0.02,5000
frame_387.jpg,5,5,0.02,5000
frame_388.jpg,5,5,0.02,5000
frame_389.jpg,5,5,0.02,5000
frame_390.jpg,5,5,0.02,5000
frame_391.jpg,5,5,0.02,5000
frame_392.jpg,5,5,0.02,5000
frame_393.jpg,5,5,0.02,5000
frame_394.jpg,5,5,0.02,5000
frame_395.jpg,5,5,0.02,5000
frame_396.jpg,5,5,0.02,5000
frame_397.jpg,5,5,0.02,5000
frame_398.jpg,5,5,0.02,5000
frame_399.jpg,5,5,0.02,5000
frame_400.jpg,5,5,0.02,5000
frame_401.jpg,5,5,0.02,5000
frame_402.jpg,5,5,0.02,5000
frame_403.jpg,5,5,0.02,5000
frame_404.jpg,5,5,0.02,5000
frame_405.jpg,5,5,0.02,5000
frame_406.jpg,5,5,0.02,5000
frame_407.jpg,5,5,0.02,5000
frame_408.jpg,5,5,0.02,5000
frame_409.jpg,5,5,0.02,5000
frame_410.jpg,5,5,0.02,5000
frame_411.jpg,5,5,0.02,5000
frame_412.jpg,5,5,0.02,5000
frame_413.jpg,5,5,0.02,5000
frame_414.jpg,5,5,0.02,5000
frame_415.jpg,5,5,0.02,5000
frame_416.jpg,5,5,0.02,5000
frame_417.jpg,5,5,0.02,5000
frame_418.jpg,5,5,0.02,5000
frame_419.jpg,5,5,0.02,5000
frame_420.jpg,5,5,0.02,5000
frame_421.jpg,5,5,0.02,5000
frame_422.jpg,5,5,0.02,5000
frame_423.jpg,5,5,0.02,5000
frame_424.jpg,5,5,0.02,5000
frame_425.jpg,5,5,0.02,5000
frame_426.jpg,5,5,0.02,5000
frame_427.jpg,5,5,0.02,5000
frame_428.jpg,5,5,0.02,5000
frame_429.jpg,5,5,0.02,5000
frame_430.jpg,5,5,0.02,5000
frame_431.jpg,5,5,0.02,5000
frame_432.jpg,5,5,0.02,5000
frame_433.jpg,5,5,0.02,5000
frame_434.jpg,5,5,0.02,5000
frame_435.jpg,5,5,0.02,5000
frame_436.jpg,5,5,0.02,5000
frame_437.jpg,5,5,0.02,5000
frame_438.jpg,5,5,0.02,5000
frame_439.jpg,5,5,0.02,5000
frame_440.jpg,5,5,0.02,5000
frame_441.jpg,5,5,0.02,5000
frame_442.jpg,5,5,0.02,5000
frame_443.jpg,5,5,0.02,5000
frame_444.jpg,5,5,0.02,5000
frame_445.jpg,5,5,0.02,5000
frame_446.jpg,5,5,0.02,5000
frame_447.jpg,5,5,0.02,5000
frame_448.jpg,5,5,0.02,5000
frame_449.jpg,5,5,0.02,5000
frame_450.jpg,5,5,0.02,5000
frame_451.jpg,5,5,0.02,5000
frame_452.jpg,5,5,0.02,5000
frame_453.jpg,5,5,0.02,5000
frame_454.jpg,5,5,0.02,5000
frame_455.jpg,5,5,0.02,5000
frame_456.jpg,5,5,0.02,5000
frame_457.jpg,5,5,0.02,5000
frame_458.jpg,5,5,0.02,5000
frame_459.jpg,5,5,0.02,5000
frame_460.jpg,5,5,0.02,5000
frame_461.jpg,5,5,0.02,5000
frame_462.jpg,5,5,0.02,5000
frame_463.jpg,5,5,0.02,5000
frame_464.jpg,5,5,0.02,5000
frame_465.jpg,5,5,0.02,5000
frame_466.jpg,5,5,0.02,5000
frame_467.jpg,5,5,0.02,5000
frame_468.jpg,5,5,0.02,5000
frame_469.jpg,5,5,0.02,5000
frame_470.jpg,5,5,0.02,5000
frame_471.jpg,5,5,0.02,5000
frame_472.jpg,5,5,0.02,5000
frame_473.jpg,5,5,0.02,5000
frame_474.jpg,5,5,0.02,5000
frame_475.jpg,5,5,0.02,5000
frame_476.jpg,5,5,0.02,5000
frame_477.jpg,5,5,0.02,5000
frame_478.jpg,5,5,0.02,5000
frame_479.jpg,5,5,0.02,5000
frame_480.jpg,5,5,0.02,5000
frame_481.jpg,5,5,0.02,5000
frame_482.jpg,5,5,0.02,5000
frame_483.jpg,5,5,0.02,5000
frame_484.jpg,5,5,0.02,5000
frame_485.jpg,5,5,0.02,5000
frame_486.jpg,5,5,0.02,5000
frame_487.jpg,5,5,0.02,5000
frame_488.jpg,5,5,0.02,5000
frame_489.jpg,5,5,0.02,5000
frame_490.jpg,5,5,0.02,5000
frame_491.jpg,5,5,0.02,5000
frame_492.jpg,5,5,0.02,5000
frame_493.jpg,5,5,0.02,5000
frame_494.jpg,5,5,0.02,5000
frame_495.jpg,5,5,0.02,5000
frame_496.jpg,5,5,0.02,5000
frame_497.jpg,5,5,0.02,5000
frame_498.jpg,5,5,0.02,5000
frame_499.jpg,5,5,0.02,5000
frame_500.jpg,5,5,0.02,5000
frame_501.jpg,5,5,0.02,5000
frame_502.jpg,5,5,0.02,5000
frame_503.jpg,5,5,0.02,5000
frame_504.jpg,5,5,0.02,5000
frame_505.jpg,5,5,0.02,5000
frame_506.jpg,5,5,0.02,5000
frame_507.jpg,5,5,0.02,5000
frame_508.jpg,5,5,0.02,5000
frame_509.jpg,5,5,0.02,5000
frame_510.jpg,5,5,0.02,5000
frame_511.jpg,5,5,0.02,5000
frame_512.jpg,5,5,0.02,5000
frame_513.jpg,5,5,0.02,5000
frame_514.jpg,5,5,0.02,5000
frame_515.jpg,5,5,0.02,5000
frame_516.jpg,5,5,0.02,5000
frame_517.jpg,5,5,0.02,5000
frame_518.jpg,5,5,0.02,5000
frame_519.jpg,5,5,0.02,5000
frame_520.jpg,5,5,0.02,5000
frame_521.jpg,5,5,0.02,5000
frame_522.jpg,5,5,0.02,5000
frame_523.jpg,5,5,0.02,5000
frame_524.jpg,5,5,0.02,5000
frame_525.jpg,5,5,0.02,5000
frame_526.jpg,5,5,0.02,5000
frame_527.jpg,5,5,0.02,5000
frame_528.jpg,5,5,0.02,5000
frame_529.jpg,5,5,0.02,5000
frame_530.jpg,5,5,0.02,5000
frame_531.jpg,5,5,0.02,5000
frame_532.jpg,5,5,0.02,5000
frame_533.jpg,5,5,0.02,5000
frame_534.jpg,5,5,0.02,5000
frame_535.jpg,5,5,0.02,5000
frame_536.jpg,5,5,0.02,5000
frame_537.jpg,5,5,0.02,5000
frame_538.jpg,5,5,0.02,5000
frame_539.jpg,5,5,0.02,5000
frame_540.jpg,5,5,0.02,5000
frame_541.jpg,5,5,0.02,5000
frame_542.jpg,5,5,0.02,5000
frame_543.jpg,5,5,0.02,5000
frame_544.jpg,5,5,0.02,5000
frame_545.jpg,5,5,0.02,5000
frame_546.jpg,5,5,0.02,5000
frame_547.jpg,5,5,0.02,5000
frame_548.jpg,5,5,0.02,5000
frame_549.jpg,5,5,0.02,5000
frame_550.jpg,5,5,0.02,5000
frame_551.jpg,5,5,0.02,5000
frame_552.jpg,5,5,0.02,5000
frame_553.jpg,5,5,0.02,5000
frame_554.jpg,5,5,0.02,5000
frame_555.jpg,5,5,0.02,5000
frame_556.jpg,5,5,0.02,5000
frame_557.jpg,5,5,0.02,5000
frame_558.jpg,5,5,0.02,5000
frame_559.jpg,5,5,0.02,5000
frame_560.jpg,5,5,0.02,5000
frame_561.jpg,5,5,0.02,5000
frame_562.jpg,5,5,0.02,5000
frame_563.jpg,5,5,0.02,5000
frame_564.jpg,5,5,0.02,5000
frame_565.jpg,5,5,0.02,5000
frame_566.jpg,5,5,0.02,5000
frame_567.jpg,5,5,0.02,5000
frame_568.jpg,5,5,0.02,5000
frame_569.jpg,5,5,0.02,5000
frame_570.jpg,5,5,0.02,5000
frame_571.jpg,5,5,0.02,5000
frame_572.jpg,5,5,0.02,5000
frame_573.jpg,5,5,0.02,5000
frame_574.jpg,5,5,0.02,5000
frame_575.jpg,5,5,0.02,5000
frame_576.jpg,5,5,0.02,5000
frame_577.jpg,5,5,0.02,5000
frame_578.jpg,5,5,0.02,5000
frame_579.jpg,5,5,0.02,5000
frame_580.jpg,5,5,0.02,5000
frame_581.jpg,5,5,0.02,5000
frame_582.jpg,5,5,0.02,5000
frame_583.jpg,5,5,0.02,5000
frame_584.jpg,5,5,0.02,5000
frame_585.jpg,5,5,0.02,5000
frame_586.jpg,5,5,0.02,5000
frame_587.jpg,5,5,0.02,5000
frame_588.jpg,5,5,0.02,5000
frame_589.jpg,5,5,0.02,5000
frame_590.jpg,5,5,0.02,5000
frame_591.jpg,5,5,0.02,5000
frame_592.jpg,5,5,0.02,5000
frame_593.jpg,5,5,0.02,5000
frame_594.jpg,5,5,0.02,5000
frame_595.jpg,5,5,0.02,5000
frame_596.jpg,5,5,0.02,5000
frame_597.jpg,5,5,0.02,5000
frame_598.jpg,5,5,0.02,5000
frame_599.jpg,5,5,0.02,5000
frame_600.jpg,5,5,0.02,5000
frame_601.jpg,5,5,0.02,5000
frame_602.jpg,5,5,0.02,5000
frame_603.jpg,5,5,0.02,5000
frame_604.jpg,5,5,0.02,5000
frame_605.jpg,5,5,0.02,5000
frame_606.jpg,5,5,0.02,5000
frame_607.jpg,5,5,0.02,5000
frame_608.jpg,5,5,0.02,5000
frame_609.jpg,5,5,0.02,5000
frame_610.jpg,5,5,0.02,5000
frame_611.jpg,5,5,0.02,5000
frame_612.jpg,5,5,0.02,5000
frame_613.jpg,5,5,0.02,5000
frame_614.jpg,5,5,0.02,5000
frame_615.jpg,5,5,0.02,5000
frame_616.jpg,5,5,0.02,5000
frame_617.jpg,5,5,0.02,5000
frame_618.jpg,5,5,0.02,5000
frame_619.jpg,5,5,0.02,5000
frame_620.jpg,5,5,0.02,5000
frame_621.jpg,5,5,0.02,5000
frame_622.jpg,5,5,0.02,5000
frame_623.jpg,5,5,0.02,5000
frame_624.jpg,5,5,0.02,5000
frame_625.jpg,5,5,0.02,5000
frame_626.jpg,5,5,0.02,5000
frame_627.jpg,5,5,0.02,5000
frame_628.jpg,5,5,0.02,5000
frame_629.jpg,5,5,0.02,5000
frame_630.jpg,5,5,0.02,5000
frame_631.jpg,5,5,0.02,5000
frame_632.jpg,5,5,0.02,5000
frame_633.jpg,5,5,0.02,5000
frame_634.jpg,5,5,0.02,5000
frame_635.jpg,5,5,0.02,5000
frame_636.jpg,5,5,0.02,5000
frame_637.jpg,5,5,0.02,5000
frame_638.jpg,5,5,0.02,5000
frame_639.jpg,5,5,0.02,5000
frame_640.jpg,5,5,0.02,5000
frame_641.jpg,5,5,0.02,5000
frame_642.jpg,5,5,0.02,5000
frame_643.jpg,5,5,0.02,5000
frame_644.jpg,5,5,0.02,5000
frame_645.jpg,5,5,0.02,5000
frame_646.jpg,5,5,0.02,5000
frame_647.jpg,5,5,0.02,5000
frame_648.jpg,5,5,0.02,5000
frame_649.jpg,5,5,0.02,5000
frame_650.jpg,5,5,0.02,5000
frame_651.jpg,5,5,0.02,5000
frame_652.jpg,5,5,0.02,5000
frame_653.jpg,5,5,0.02,5000
frame_654.jpg,5,5,0.02,5000
frame_655.jpg,5,5,0.02,5000
frame_656.jpg,5,5,0.02,5000
frame_657.jpg,5,5,0.02,5000
frame_658.jpg,5,5,0.02,5000
frame_659.jpg,5,5,0.02,5000
frame_660.jpg,5,5,0.02,5000
frame_661.jpg,5,5,0.02,5000
frame_662.jpg,5,5,0.02,5000
frame_663.jpg,5,5,0.02,5000
frame_664.jpg,5,5,0.02,5000
frame_665.jpg,5,5,0.02,5000
frame_666.jpg,5,5,0.02,5000
frame_667.jpg,5,5,0.02,5000
frame_668.jpg,5,5,0.02,5000
frame_669.jpg,5,5,0.02,5000
frame_670.jpg,5,5,0.02,5000
frame_671.jpg,5,5,0.02,5000
frame_672.jpg,5,5,0.02,5000
frame_673.jpg,5,5,0.02,5000
frame_674.jpg,5,5,0.02,5000
frame_675.jpg,5,5,0.02,5000
frame_676.jpg,5,5,0.02,5000
frame_677.jpg,5,5,0.02,5000
frame_678.jpg,5,5,0.02,5000
frame_679.jpg,5,5,0.02,5000
frame_680.jpg,5,5,0.02,5000
frame_681.jpg,5,5,0.02,5000
frame_682.jpg,5,5,0.02,5000
frame_683.jpg,5,5,0.02,5000
frame_684.jpg,5,5,0.02,5000
frame_685.jpg,5,5,0.02,5000
frame_686.jpg,5,5,0.02,5000
frame_687.jpg,5,5,0.02,5000
frame_688.jpg,5,5,0.02,5000
frame_689.jpg,5,5,0.02,5000
frame_690.jpg,5,5,0.02,5000
frame_691.jpg,5,5,0.02,5000
frame_692.jpg,5,5,0.02,5000
frame_693.jpg,5,5,0.02,5000
frame_694.jpg,5,5,0.02,5000
frame_695.jpg,5,5,0.02,5000
frame_696.jpg,5,5,0.02,5000
frame_697.jpg,5,5,0.02,5000
frame_698.jpg,5,5,0.02,5000
frame_699.jpg,5,5,0.02,5000
frame_700.jpg,5,5,0.02,5000
frame_701.jpg,5,5,0.02,5000
frame_702.jpg,5,5,0.02,5000
frame_703.jpg,5,5,0.02,5000
frame_704.jpg,5,5,0.02,5000
frame_705.jpg,5,5,0.02,5000
frame_706.jpg,5,5,0.02,5000
frame_707.jpg,5,5,0.02,5000
frame_708.jpg,5,5,0.02,5000
frame_709.jpg,5,5,0.02,5000
frame_710.jpg,5,5,0.02,5000
frame_711.jpg,5,5,0.02,5000
frame_712.jpg,5,5,0.02,5000
frame_713.jpg,5,5,0.02,5000
frame_714.jpg,5,5,0.02,5000
frame_715.jpg,5,5,0.02,5000
frame_716.jpg,5,5,0.02,5000
frame_717.jpg,5,5,0.02,5000
frame_718.jpg,5,5,0.02,5000
frame_719.jpg,5,5,0.02,5000
frame_720.jpg,5,5,0.02,5000
frame_721.jpg,5,5,0.02,5000
frame_722.jpg,5,5,0.02,5000
frame_723.jpg,5,5,0.02,5000
frame_724.jpg,5,5,0.02,5000
frame_725.jpg,5,5,0.02,5000
frame_726.jpg,5,5,0.02,5000
frame_727.jpg,5,5,0.02,5000
frame_728.jpg,5,5,0.02,5000
frame_729.jpg,5,5,0.02,5000
frame_730.jpg,5,5,0.02,5000
frame_731.jpg,5,5,0.02,5000
frame_732.jpg,5,5,0.02,5000
frame_733.jpg,5,5,0.02,5000
frame_734.jpg,5,5,0.02,5000
frame_735.jpg,5,5,0.02,5000
frame_736.jpg,5,5,0.02,5000
frame_737.jpg,5,5,0.02,5000
frame_738.jpg,5,5,0.02,5000
frame_739.jpg,5,5,0.02,5000
frame_740.jpg,5,5,0.02,5000
frame_741.jpg,5,5,0.02,5000
frame_742.jpg,5,5,0.02,5000
frame_743.jpg,5,5,0.02,5000
frame_744.jpg,5,5,0.02,5000
frame_745.jpg,5,5,0.02,5000
frame_746.jpg,5,5,0.02,5000
frame_747.jpg,5,5,0.02,5000
frame_748.jpg,5,5,0.02,5000
frame_749.jpg,5,5,0.02,5000
frame_750.jpg,5,5,0.02,5000
frame_751.jpg,5,5,0.02,5000
frame_752.jpg,5,5,0.02,5000
frame_753.jpg,5,5,0.02,5000
frame_754.jpg,5,5,0.02,5000
frame_755.jpg,5,5,0.02,5000
frame_756.jpg,5,5,0.02,5000
frame_757.jpg,5,5,0.02,5000
frame_758.jpg,5,5,0.02,5000
frame_759.jpg,5,5,0.02,5000
frame_760.jpg,5,5,0.02,5000
frame_761.jpg,5,5,0.02,5000
frame_762.jpg,5,5,0.02,5000
frame_763.jpg,5,5,0.02,5000
frame_764.jpg,5,5,0.02,5000
frame_765.jpg,5,5,0.02,5000
frame_766.jpg,5,5,0.02,5000
frame_767.jpg,5,5,0.02,5000
frame_768.jpg,5,5,0.02,5000
frame_769.jpg,5,5,0.02,5000
frame_770.jpg,5,5,0.02,5000
frame_771.jpg,5,5,0.02,5000
frame_772.jpg,5,5,0.02,5000
frame_773.jpg,5,5,0.02,5000
frame_774.jpg,5,5,0.02,5000
frame_775.jpg,5,5,0.02,5000
frame_776.jpg,5,5,0.02,5000
frame_777.jpg,5,5,0.02,5000
frame_778.jpg,5,5,0.02,5000
frame_779.jpg,5,5,0.02,5000
frame_780.jpg,5,5,0.02,5000
frame_781.jpg,5,5,0.02,5000
frame_782.jpg,5,5,0.02,5000
frame_783.jpg,5,5,0.02,5000
frame_784.jpg,5,5,0.02,5000
frame_785.jpg,5,5,0.02,5000
frame_786.jpg,5,5,0.02,5000
frame_787.jpg,5,5,0.02,5000
frame_788.jpg,5,5,0.02,5000
frame_789.jpg,5,5,0.02,5000
frame_790.jpg,5,5,0.02,5000
frame_791.jpg,5,5,0.02,5000
frame_792.jpg,5,5,0.02,5000
frame_793.jpg,5,5,0.02,5000
frame_794.jpg,5,5,0.02,5000
frame_795.jpg,5,5,0.02,5000
frame_796.jpg,5,5,0.02,5000
frame_797.jpg,5,5,0.02,5000
frame_798.jpg,5,5,0.02,5000
frame_799.jpg,5,5,0.02,5000
frame_800.jpg,5,5,0.02,5000
frame_801.jpg,5,5,0.02,5000
frame_802.jpg,5,5,0.02,5000
frame_803.jpg,5,5,0.02,5000
frame_804.jpg,5,5,0.02,5000
frame_805.jpg,5,5,0.02,5000
frame_806.jpg,5,5,0.02,5000
frame_807.jpg,5,5,0.02,5000
frame_808.jpg,5,5,0.02,5000
frame_809.jpg,5,5,0.02,5000
frame_810.jpg,5,5,0.02,5000
frame_811.jpg,5,5,0.02,5000
frame_812.jpg,5,5,0.02,5000
frame_813.jpg,5,5,0.02,5000
frame_814.jpg,5,5,0.02,5000
frame_815.jpg,5,5,0.02,5000
frame_816.jpg,5,5,0.02,5000
frame_817.jpg,5,5,0.02,5000
frame_818.jpg,5,5,0.02,5000
frame_819.jpg,5,5,0.02,5000
frame_820.jpg,5,5,0.02,5000
frame_821.jpg,5,5,0.02,5000
frame_822.jpg,5,5,0.02,5000
frame_823.jpg,5,5,0.02,5000
frame_824.jpg,5,5,0.02,5000
frame_825.jpg,5,5,0.02,5000
frame_826.jpg,5,5,0.02,5000
frame_827.jpg,5,5,0.02,5000
frame_828.jpg,5,5,0.02,5000
frame_829.jpg,5,5,0.02,5000
frame_830.jpg,5,5,0.02,5000
frame_831.jpg,5,5,0.02,5000
frame_832.jpg,5,5,0.02,5000
frame_833.jpg,5,5,0.02,5000
frame_834.jpg,5,5,0.02,5000
frame_835.jpg,5,5,0.02,5000
frame_836.jpg,5,5,0.02,5000
frame_837.jpg,5,5,0.02,5000
frame_838.jpg,5,5,0.02,5000
frame_839.jpg,5,5,0.02,5000
frame_840.jpg,5,5,0.02,5000
frame_841.jpg,5,5,0.02,5000
frame_842.jpg,5,5,0.02,5000
frame_843.jpg,5,5,0.02,5000
frame_844.jpg,5,5,0.02,5000
frame_845.jpg,5,5,0.02,5000
frame_846.jpg,5,5,0.02,5000
frame_847.jpg,5,5,0.02,5000
frame_848.jpg,5,5,0.02,5000
frame_849.jpg,5,5,0.02,5000
frame_850.jpg,5,5,0.02,5000
frame_851.jpg,5,5,0.02,5000
frame_852.jpg,5,5,0.02,5000
frame_853.jpg,5,5,0.02,5000
frame_854.jpg,5,5,0.02,5000
frame_855.jpg,5,5,0.02,5000
frame_856.jpg,5,5,0.02,5000
frame_857.jpg,5,5,0.02,5000
frame_858.jpg,5,5,0.02,5000
frame_859.jpg,5,5,0.02,5000
frame_860.jpg,5,5,0.02,5000
frame_861.jpg,5,5,0.02,5000
frame_862.jpg,5,5,0.02,5000
frame_863.jpg,5,5,0.02,5000
frame_864.jpg,5,5,0.02,5000
frame_865.jpg,5,5,0.02,5000
frame_866.jpg,5,5,0.02,5000
frame_867.jpg,5,5,0.02,5000
frame_868.jpg,5,5,0.02,5000
frame_869.jpg,5,5,0.02,5000
frame_870.jpg,5,5,0.02,5000
frame_871.jpg,5,5,0.02,5000
frame_872.jpg,5,5,0.02,5000
frame_873.jpg,5,5,0.02,5000
frame_874.jpg,5,5,0.02,5000
frame_875.jpg,5,5,0.02,5000
frame_876.jpg,5,5,0.02,5000
frame_877.jpg,5,5,0.02,5000
frame_878.jpg,5,5,0.02,5000
frame_879.jpg,5,5,0.02,5000
frame_880.jpg,5,5,0.02,5000
frame_881.jpg,5,5,0.02,5000
frame_882.jpg,5,5,0.02,5000
frame_883.jpg,5,5,0.02,5000
frame_884.jpg,5,5,0.02,5000
frame_885.jpg,5,5,0.02,5000
frame_886.jpg,5,5,0.02,5000
frame_887.jpg,5,5,0.02,5000
frame_888.jpg,5,5,0.02,5000
frame_889.jpg,5,5,0.02,5000
frame_890.jpg,5,5,0.02,5000
frame_891.jpg,5,5,0.02,5000
frame_892.jpg,5,5,0.02,5000
frame_893.jpg,5,5,0.02,5000
frame_894.jpg,5,5,0.02,5000
frame_895.jpg,5,5,0.02,5000
frame_896.jpg,5,5,0.02,5000
frame_897.jpg,5,5,0.02,5000
frame_898.jpg,5,5,0.02,5000
frame_899.jpg,5,5,0.02,5000
frame_900.jpg,5,5,0.02,5000
frame_901.jpg,5,5,0.02,5000
frame_902.jpg,5,5,0.02,5000
frame_903.jpg,5,5,0.02,5000
frame_904.jpg,5,5,0.02,5000
frame_905.jpg,5,5,0.02,5000
frame_906.jpg,5,5,0.02,5000
frame_907.jpg,5,5,0.02,5000
frame_908.jpg,5,5,0.02,5000
frame_909.jpg,5,5,0.02,5000
frame_910.jpg,5,5,0.02,5000
frame_911.jpg,5,5,0.02,5000
frame_912.jpg,5,5,0.02,5000
frame_913.jpg,5,5,0.02,5000
frame_914.jpg,5,5,0.02,5000
frame_915.jpg,5,5,0.02,5000
frame_916.jpg,5,5,0.02,5000
frame_917.jpg,5,5,0.02,5000
frame_918.jpg,5,5,0.02,5000
frame_919.jpg,5,5,0.02,5000
frame_920.jpg,5,5,0.02,5000
frame_921.jpg,5,5,0.02,5000
frame_922.jpg,5,5,0.02,5000
frame_923.jpg,5,5,0.02,5000
frame_924.jpg,5,5,0.02,5000
frame_925.jpg,5,5,0.02,5000
frame_926.jpg,5,5,0.02,5000
frame_927.jpg,5,5,0.02,5000
frame_928.jpg,5,5,0.02,5000
frame_929.jpg,5,5,0.02,5000
frame_930.jpg,5,5,0.02,5000
frame_931.jpg,5,5,0.02,5000
frame_932.jpg,5,5,0.02,5000
frame_933.jpg,5,5,0.02,5000
frame_934.jpg,5,5,0.02,5000
frame_935.jpg,5,5,0.02,5000
frame_936.jpg,5,5,0.02,5000
frame_937.jpg,5,5,0.02,5000
frame_938.jpg,5,5,0.02,5000
frame_939.jpg,5,5,0.02,5000
frame_940.jpg,5,5,0.02,5000
frame_941.jpg,5,5,0.02,5000
frame_942.jpg,5,5,0.02,5000
frame_943.jpg,5,5,0.02,5000
frame_944.jpg,5,5,0.02,5000
frame_945.jpg,5,5,0.02,5000
frame_946.jpg,5,5,0.02,5000
frame_947.jpg,5,5,0.02,5000
frame_948.jpg,5,5,0.02,5000
frame_949.jpg,5,5,0.02,5000
frame_950.jpg,5,5,0.02,5000
frame_951.jpg,5,5,0.02,5000
frame_952.jpg,5,5,0.02,5000
frame_953.jpg,5,5,0.02,5000
frame_954.jpg,5,5,0.02,5000
frame_955.jpg,5,5,0.02,5000
frame_956.jpg,5,5,0.02,5000
frame_957.jpg,5,5,0.02,5000
frame_958.jpg,5,5,0.02,5000
frame_959.jpg,5,5,0.02,5000
frame_960.jpg,5,5,0.02,5000
frame_961.jpg,5,5,0.02,5000
frame_962.jpg,5,5,0.02,5000
frame_963.jpg,5,5,0.02,5000
frame_964.jpg,5,5,0.02,5000
frame_965.jpg,5,5,0.02,5000
frame_966.jpg,5,5,0.02,5000
frame_967.jpg,5,5,0.02,5000
frame_968.jpg,5,5,0.02,5000
frame_969.jpg,5,5,0.02,5000
frame_970.jpg,5,5,0.02,5000
frame_971.jpg,5,5,0.02,5000
frame_972.jpg,5,5,0.02,5000
frame_973.jpg,5,5,0.02,5000
frame_974.jpg,5,5,0.02,5000
frame_975.jpg,5,5,0.02,5000
frame_976.jpg,5,5,0.02,5000
frame_977.jpg,5,5,0.02,5000
frame_978.jpg,5,5,0.02,5000
frame_979.jpg,5,5,0.02,5000
frame_980.jpg,5,5,0.02,5000
frame_981.jpg,5,5,0.02,5000
frame_982.jpg,5,5,0.02,5000
frame_983.jpg,5,5,0.02,5000
frame_984.jpg,5,5,0.02,5000
frame_985.jpg,5,5,0.02,5000
frame_986.jpg,5,5,0.02,5000
frame_987.jpg,5,5,0.02,5000
frame_988.jpg,5,5,0.02,5000
frame_989.jpg,5,5,0.02,5000
frame_990.jpg,5,5,0.02,5000
frame_991.jpg,5,5,0.02,5000
frame_992.jpg,5,5,0.02,5000
frame_993.jpg,5,5,0.02,5000
frame_994.jpg,5,5,0.02,5000
frame_995.jpg,5,5,0.02,5000
frame_996.jpg,5,5,0.02,5000
frame_997.jpg,5,5,0.02,5000
frame_998.jpg,5,5,0.02,5000
frame_999.jpg,5,5,0.02,5000
frame_1000.jpg,5,5,0.02,5000
frame_1001.jpg,5,5,0.02,5000
frame_1002.jpg,5,5,0.02,5000
frame_1003.jpg,5,5,0.02,5000
frame_1004.jpg,5,5,0.02,5000
frame_1005.jpg,5,5,0.02,5000
frame_1006.jpg,5,5,0.02,5000
frame_1007.jpg,5,5,0.02,5000
frame_1008.jpg,5,5,0.02,5000
frame_1009.jpg,5,5,0.02,5000
frame_1010.jpg,5,5,0.02,5000
frame_1011.jpg,5,5,0.02,5000
frame_1012.jpg,5,5,0.02,5000
frame_1013.jpg,5,5,0.02,5000
frame_1014.jpg,5,5,0.02,5000
frame_1015.jpg,5,5,0.02,5000
frame_1016.jpg,5,5,0.02,5000
frame_1017.jpg,5,5,0.02,5000
frame_1018.jpg,5,5,0.02,5000
frame_1019.jpg,5,5,0.02,5000
frame_1020.jpg,5,5,0.02,5000
frame_1021.jpg,5,5,0.02,5000
frame_1022.jpg,5,5,0.02,5000
frame_1023.jpg,5,5,0.02,5000
frame_1024.jpg,5,5,0.02,5000
frame_1025.jpg,5,5,0.02,5000
frame_1026.jpg,5,5,0.02,5000
frame_1027.jpg,5,5,0.02,5000
frame_1028.jpg,5,5,0.02,5000
frame_1029.jpg,5,5,0.02,5000
frame_1030.jpg,5,5,0.02,5000
frame_1031.jpg,5,5,0.02,5000
frame_1032.jpg,5,5,0.02,5000
frame_1033.jpg,5,5,0.02,5000
frame_1034.jpg,5,5,0.02,5000
frame_1035.jpg,5,5,0.02,5000
frame_1036.jpg,5,5,0.02,5000
frame_1037.jpg,5,5,0.02,5000
frame_1038.jpg,5,5,0.02,5000
frame_1039.jpg,5,5,0.02,5000
frame_1040.jpg,5,5,0.02,5000
frame_1041.jpg,5,5,0.02,5000
frame_1042.jpg,5,5,0.02,5000
frame_1043.jpg,5,5,0.02,5000
frame_1044.jpg,5,5,0.02,5000
frame_1045.jpg,5,5,0.02,5000
frame_1046.jpg,5,5,0.02,5000
frame_1047.jpg,5,5,0.02,5000
frame_1048.jpg,5,5,0.02,5000
frame_1049.jpg,5,5,0.02,5000
frame_1050.jpg,5,5,0.02,5000
frame_1051.jpg,5,5,0.02,5000
frame_1052.jpg,5,5,0.02,5000
frame_1053.jpg,5,5,0.02,5000
frame_1054.jpg,5,5,0.02,5000
frame_1055.jpg,5,5,0.02,5000
frame_1056.jpg,5,5,0.02,5000
frame_1057.jpg,5,5,0.02,5000
frame_1058.jpg,5,5,0.02,5000
frame_1059.jpg,5,5,0.02,5000
frame_1060.jpg,5,5,0.02,5000
frame_1061.jpg,5,5,0.02,5000
frame_1062.jpg,5,5,0.02,5000
frame_1063.jpg,5,5,0.02,5000
frame_1064.jpg,5,5,0.02,5000
frame_1065.jpg,5,5,0.02,5000
frame_1066.jpg,5,5,0.02,5000
frame_1067.jpg,5,5,0.02,5000
frame_1068.jpg,5,5,0.02,5000
frame_1069.jpg,5,5,0.02,5000
frame_1070.jpg,5,5,0.02,5000
frame_1071.jpg,5,5,0.02,5000
frame_1072.jpg,5,5,0.02,5000
frame_1073.jpg,5,5,0.02,5000
frame_1074.jpg,5,5,0.02,5000
frame_1075.jpg,5,5,0.02,5000
frame_1076.jpg,5,5,0.02,5000
frame_1077.jpg,5,5,0.02,5000
frame_1078.jpg,5,5,0.02,5000
frame_1079.jpg,5,5,0.02,5000
frame_1080.jpg,5,5,0.02,5000
frame_1081.jpg,5,5,0.02,5000
frame_1082.jpg,5,5,0.02,5000
frame_1083.jpg,5,5,0.02,5000
frame_1084.jpg,5,5,0.02,5000
frame_1085.jpg,5,5,0.02,5000
frame_1086.jpg,5,5,0.02,5000
frame_1087.jpg,5,5,0.02,5000
frame_1088.jpg,5,5,0.02,5000
frame_1089.jpg,5,5,0.02,5000
frame_1090.jpg,5,5,0.02,5000
frame_1091.jpg,5,5,0.02,5000
frame_1092.jpg,5,5,0.02,5000
frame_1093.jpg,5,5,0.02,5000
frame_1094.jpg,5,5,0.02,5000
frame_1095.jpg,5,5,0.02,5000
frame_1096.jpg,5,5,0.02,5000
frame_1097.jpg,5,5,0.02,5000
frame_1098.jpg,5,5,0.02,5000
frame_1099.jpg,5,5,0.02,5000
frame_1100.jpg,5,5,0.02,5000
frame_1101.jpg,5,5,0.02,5000
frame_1102.jpg,5,5,0.02,5000
frame_1103.jpg,5,5,0.02,5000
frame_1104.jpg,5,5,0.02,5000
frame_1105.jpg,5,5,0.02,5000
frame_1106.jpg,5,5,0.02,5000
frame_1107.jpg,5,5,0.02,5000
frame_1108.jpg,5,5,0.02,5000
frame_1109.jpg,5,5,0.02,5000
frame_1110.jpg,5,5,0.02,5000
frame_1111.jpg,5,5,0.02,5000
frame_1112.jpg,5,5,0.02,5000
frame_1113.jpg,5,5,0.02,5000
frame_1114.jpg,5,5,0.02,5000
frame_1115.jpg,5,5,0.02,5000
frame_1116.jpg,5,5,0.02,5000
frame_1117.jpg,5,5,0.02,5000
frame_1118.jpg,5,5,0.02,5000
frame_1119.jpg,5,5,0.02,5000
frame_1120.jpg,5,5,0.02,5000
frame_1121.jpg,5,5,0.02,5000
frame_1122.jpg,5,5,0.02,5000
frame_1123.jpg,5,5,0.02,5000
frame_1124.jpg,5,5,0.02,5000
frame_1125.jpg,5,5,0.02,5000
frame_1126.jpg,5,5,0.02,5000
frame_1127.jpg,5,5,0.02,5000
frame_1128.jpg,5,5,0.02,5000
frame_1129.jpg,5,5,0.02,5000
frame_1130.jpg,5,5,0.02,5000
frame_1131.jpg,5,5,0.02,5000
frame_1132.jpg,5,5,0.02,5000
frame_1133.jpg,5,5,0.02,5000
frame_1134.jpg,5,5,0.02,5000
frame_1135.jpg,5,5,0.02,5000
frame_1136.jpg,5,5,0.02,5000
frame_1137.jpg,5,5,0.02,5000
frame_1138.jpg,5,5,0.02,5000
frame_1139.jpg,5,5,0.02,5000
frame_1140.jpg,5,5,0.02,5000
frame_1141.jpg,5,5,0.02,5000
frame_1142.jpg,5,5,0.02,5000
frame_1143.jpg,5,5,0.02,5000
frame_1144.jpg,5,5,0.02,5000
frame_1145.jpg,5,5,0.02,5000
frame_1146.jpg,5,5,0.02,5000
frame_1147.jpg,5,5,0.02,5000
frame_1148.jpg,5,5,0.02,5000
frame_1149.jpg,5,5,0.02,5000
frame_1150.jpg,5,5,0.02,5000
frame_1151.jpg,5,5,0.02,5000
frame_1152.jpg,5,5,0.02,5000
frame_1153.jpg,5,5,0.02,5000
frame_1154.jpg,5,5,0.02,5000
frame_1155.jpg,5,5,0.02,5000
frame_1156.jpg,5,5,0.02,5000
frame_1157.jpg,5,5,0.02,5000
frame_1158.jpg,5,5,0.02,5000
frame_1159.jpg,5,5,0.02,5000
frame_1160.jpg,5,5,0.02,5000
frame_1161.jpg,5,5,0.02,5000
frame_1162.jpg,5,5,0.02,5000
frame_1163.jpg,5,5,0.02,5000
frame_1164.jpg,5,5,0.02,5000
frame_1165.jpg,5,5,0.02,5000
frame_1166.jpg,5,5,0.02,5000
frame_1167.jpg,5,5,0.02,5000
frame_1168.jpg,5,5,0.02,5000
frame_1169.jpg,5,5,0.02,5000
frame_1170.jpg,5,5,0.02,5000
frame_1171.jpg,5,5,0.02,5000
frame_1172.jpg,5,5,0.02,5000
frame_1173.jpg,5,5,0.02,5000
frame_1174.jpg,5,5,0.02,5000
frame_1175.jpg,5,5,0.02,5000
frame_1176.jpg,5,5,0.02,5000
frame_1177.jpg,5,5,0.02,5000
frame_1178.jpg,5,5,0.02,5000
frame_1179.jpg,5,5,0.02,5000
frame_1180.jpg,5,5,0.02,5000
frame_1181.jpg,5,5,0.02,5000
frame_1182.jpg,5,5,0.02,5000
frame_1183.jpg,5,5,0.02,5000
frame_1184.jpg,5,5,0.02,5000
frame_1185.jpg,5,5,0.02,5000
frame_1186.jpg,5,5,0.02,5000
frame_1187.jpg,5,5,0.02,5000
frame_1188.jpg,5,5,0.02,5000
frame_1189.jpg,5,5,0.02,5000
frame_1190.jpg,5,5,0.02,5000
frame_1191.jpg,5,5,0.02,5000
frame_1192.jpg,5,5,0.02,5000
frame_1193.jpg,5,5,0.02,5000
frame_1194.jpg,5,5,0.02,5000
frame_1195.jpg,5,5,0.02,5000
frame_1196.jpg,5,5,0.02,5000
frame_1197.jpg,5,5,0.02,5000
frame_1198.jpg,5,5,0.02,5000
frame_1199.jpg,5,5,0.02,5000
frame_1200.jpg,5,5,0.02,5000
frame_1201.jpg,5,5,0.02,5000
frame_1202.jpg,5,5,0.02,5000
frame_1203.jpg,5,5,0.02,5000
frame_1204.jpg,5,5,0.02,5000
frame_1205.jpg,5,5,0.02,5000
frame_1206.jpg,5,5,0.02,5000
frame_1207.jpg,5,5,0.02,5000
frame_1208.jpg,5,5,0.02,5000
frame_1209.jpg,5,5,0.02,5000
frame_1210.jpg,5,5,0.02,5000
frame_1211.jpg,5,5,0.02,5000
frame_1212.jpg,5,5,0.02,5000
frame_1213.jpg,5,5,0.02,5000
frame_1214.jpg,5,5,0.02,5000
frame_1215.jpg,5,5,0.02,5000
frame_1216.jpg,5,5,0.02,5000
frame_1217.jpg,5,5,0.02,5000
frame_1218.jpg,5,5,0.02,5000
frame_1219.jpg,5,5,0.02,5000
frame_1220.jpg,5,5,0.02,5000
frame_1221.jpg,5,5,0.02,5000
frame_1222.jpg,5,5,0.02,5000
frame_1223.jpg,5,5,0.02,5000
frame_1224.jpg,5,5,0.02,5000
frame_1225.jpg,5,5,0.02,5000
frame_1226.jpg,5,5,0.02,5000
frame_1227.jpg,5,5,0.02,5000
frame_1228.jpg,5,5,0.02,5000
frame_1229.jpg,5,5,0.02,5000
frame_1230.jpg,5,5,0.02,5000
frame_1231.jpg,5,5,0.02,5000
frame_1232.jpg,5,5,0.02,5000
frame_1233.jpg,5,5,0.02,5000
frame_1234.jpg,5,5,0.02,5000
frame_1235.jpg,5,5,0.02,5000
frame_1236.jpg,5,5,0.02,5000
frame_1237.jpg,5,5,0.02,5000
frame_1238.jpg,5,5,0.02,5000
frame_1239.jpg,5,5,0.02,5000
frame_1240.jpg,5,5,0.02,5000
frame_1241.jpg,5,5,0.02,5000
frame_1242.jpg,5,5,0.02,5000
frame_1243.jpg,5,5,0.02,5000
frame_1244.jpg,5,5,0.02,5000
frame_1245.jpg,5,5,0.02,5000
frame_1246.jpg,5,5,0.02,5000
frame_1247.jpg,5,5,0.02,5000
frame_1248.jpg,5,5,0.02,5000
frame_1249.jpg,5,5,0.02,5000
frame_1250.jpg,5,5,0.02,5000
frame_1251.jpg,5,5,0.02,5000
frame_1252.jpg,5,5,0.02,5000
frame_1253.jpg,5,5,0.02,5000
frame_1254.jpg,5,5,0.02,5000
frame_1255.jpg,5,5,0.02,5000
frame_1256.jpg,5,5,0.02,5000
frame_1257.jpg,5,5,0.02,5000
frame_1258.jpg,5,5,0.02,5000
frame_1259.jpg,5,5,0.02,5000
frame_1260.jpg,5,5,0.02,5000
frame_1261.jpg,5,5,0.02,5000
frame_1262.jpg,5,5,0.02,5000
frame_1263.jpg,5,5,0.02,5000
frame_1264.jpg,5,5,0.02,5000
frame_1265.jpg,5,5,0.02,5000
frame_1266.jpg,5,5,0.02,5000
frame_1267.jpg,5,5,0.02,5000
frame_1268.jpg,5,5,0.02,5000
frame_1269.jpg,5,5,0.02,5000
frame_1270.jpg,5,5,0.02,5000
frame_1271.jpg,5,5,0.02,5000
frame_1272.jpg,5,5,0.02,5000
frame_1273.jpg,5,5,0.02,5000
frame_1274.jpg,5,5,0.02,5000
frame_1275.jpg,5,5,0.02,5000
frame_1276.jpg,5,5,0.02,5000
frame_1277.jpg,5,5,0.02,5000
frame_1278.jpg,5,5,0.02,5000
frame_1279.jpg,5,5,0.02,5000
frame_1280.jpg,5,5,0.02,5000
frame_1281.jpg,5,5,0.02,5000
frame_1282.jpg,5,5,0.02,5000
frame_1283.jpg,5,5,0.02,5000
frame_1284.jpg,5,5,0.02,5000
frame_1285.jpg,5,5,0.02,5000
frame_1286.jpg,5,5,0.02,5000
frame_1287.jpg,5,5,0.02,5000
frame_1288.jpg,5,5,0.02,5000
frame_1289.jpg,5,5,0.02,5000
frame_1290.jpg,5,5,0.02,5000
frame_1291.jpg,5,5,0.02,5000
frame_1292.jpg,5,5,0.02,5000
frame_1293.jpg,5,5,0.02,5000
frame_1294.jpg,5,5,0.02,5000
frame_1295.jpg,5,5,0.02,5000
frame_1296.jpg,5,5,0.02,5000
frame_1297.jpg,5,5,0.02,5000
frame_1298.jpg,5,5,0.02,5000
frame_1299.jpg,5,5,0.02,5000
frame_1300.jpg,5,5,0.02,5000
frame_1301.jpg,5,5,0.02,5000
frame_1302.jpg,5,5,0.02,5000
frame_1303.jpg,5,5,0.02,5000
frame_1304.jpg,5,5,0.02,5000
frame_1305.jpg,5,5,0.02,5000
frame_1306.jpg,5,5,0.02,5000
frame_1307.jpg,5,5,0.02,5000
frame_1308.jpg,5,5,0.02,5000
frame_1309.jpg,5,5,0.02,5000
frame_1310.jpg,5,5,0.02,5000
frame_1311.jpg,5,5,0.02,5000
frame_1312.jpg,5,5,0.02,5000
frame_1313.jpg,5,5,0.02,5000
frame_1314.jpg,5,5,0.02,5000
frame_1315.jpg,5,5,0.02,5000
frame_1316.jpg,5,5,0.02,5000
frame_1317.jpg,5,5,0.02,5000
frame_1318.jpg,5,5,0.02,5000
frame_1319.jpg,5,5,0.02,5000
frame_1320.jpg,5,5,0.02,5000
frame_1321.jpg,5,5,0.02,5000
frame_1322.jpg,5,5,0.02,5000
frame_1323.jpg,5,5,0.02,5000
frame_1324.jpg,5,5,0.02,5000
frame_1325.jpg,5,5,0.02,5000
frame_1326.jpg,5,5,0.02,5000
frame_1327.jpg,5,5,0.02,5000
frame_1328.jpg,5,5,0.02,5000
frame_1329.jpg,5,5,0.02,5000
frame_1330.jpg,5,5,0.02,5000
frame_1331.jpg,5,5,0.02,5000
frame_1332.jpg,5,5,0.02,5000
frame_1333.jpg,5,5,0.02,5000
frame_1334.jpg,5,5,0.02,5000
frame_1335.jpg,5,5,0.02,5000
frame_1336.jpg,5,5,0.02,5000
frame_1337.jpg,5,5,0.02,5000
frame_1338.jpg,5,5,0.02,5000
frame_1339.jpg,5,5,0.02,5000
frame_1340.jpg,5,5,0.02,5000
frame_1341.jpg,5,5,0.02,5000
frame_1342.jpg,5,5,0.02,5000
frame_1343.jpg,5,5,0.02,5000
frame_1344.jpg,5,5,0.02,5000
frame_1345.jpg,5,5,0.02,5000
frame_1346.jpg,5,5,0.02,5000
frame_1347.jpg,5,5,0.02,5000
frame_1348.jpg,5,5,0.02,5000
frame_1349.jpg,5,5,0.02,5000
frame_1350.jpg,5,5,0.02,5000
frame_1351.jpg,5,5,0.02,5000
frame_1352.jpg,5,5,0.02,5000
frame_1353.jpg,5,5,0.02,5000
frame_1354.jpg,5,5,0.02,5000
frame_1355.jpg,5,5,0.02,5000
frame_1356.jpg,5,5,0.02,5000
frame_1357.jpg,5,5,0.02,5000
frame_1358.jpg,5,5,0.02,5000
frame_1359.jpg,5,5,0.02,5000
frame_1360.jpg,5,5,0.02,5000
frame_1361.jpg,5,5,0.02,5000
frame_1362.jpg,5,5,0.02,5000
frame_1363.jpg,5,5,0.02,5000
frame_1364.jpg,5,5,0.02,5000
frame_1365.jpg,5,5,0.02,5000
frame_1366.jpg,5,5,0.02,5000
frame_1367.jpg,5,5,0.02,5000
frame_1368.jpg,5,5,0.02,5000
frame_1369.jpg,5,5,0.02,5000
frame_1370.jpg,5,5,0.02,5000
frame_1371.jpg,5,5,0.02,5000
frame_1372.jpg,5,5,0.02,5000
frame_1373.jpg,5,5,0.02,5000
frame_1374.jpg,5,5,0.02,5000
frame_1375.jpg,5,5,0.02,5000
frame_1376.jpg,5,5,0.02,5000
frame_1377.jpg,5,5,0.02,5000
frame_1378.jpg,5,5,0.02,5000
frame_1379.jpg,5,5,0.02,5000
frame_1380.jpg,5,5,0.02,5000
frame_1381.jpg,5,5,0.02,5000
frame_1382.jpg,5,5,0.02,5000
frame_1383.jpg,5,5,0.02,5000
frame_1384.jpg,5,5,0.02,5000
frame_1385.jpg,5,5,0.02,5000
frame_1386.jpg,5,5,0.02,5000
frame_1387.jpg,5,5,0.02,5000
frame_1388.jpg,5,5,0.02,5000
frame_1389.jpg,5,5,0.02,5000
frame_1390.jpg,5,5,0.02,5000
frame_1391.jpg,5,5,0.02,5000
frame_1392.jpg,5,5,0.02,5000
frame_1393.jpg,5,5,0.02,5000
frame_1394.jpg,5,5,0.02,5000
frame_1395.jpg,5,5,0.02,5000
frame_1396.jpg,5,5,0.02,5000
frame_1397.jpg,5,5,0.02,5000
frame_1398.jpg,5,5,0.02,5000
frame_1399.jpg,5,5,0.02,5000
frame_1400.jpg,5,5,0.02,5000
frame_1401.jpg,5,5,0.02,5000
frame_1402.jpg,5,5,0.02,5000
frame_1403.jpg,5,5,0.02,5000
frame_1404.jpg,5,5,0.02,5000
frame_1405.jpg,5,5,0.02,5000
frame_1406.jpg,5,5,0.02,5000
frame_1407.jpg,5,5,0.02,5000
frame_1408.jpg,5,5,0.02,5000
frame_1409.jpg,5,5,0.02,5000
frame_1410.jpg,5,5,0.02,5000
frame_1411.jpg,5,5,0.02,5000
frame_1412.jpg,5,5,0.02,5000
frame_1413.jpg,5,5,0.02,5000
frame_1414.jpg,5,5,0.02,5000
frame_1415.jpg,5,5,0.02,5000
frame_1416.jpg,5,5,0.02,5000
frame_1417.jpg,5,5,0.02,5000
frame_1418.jpg,5,5,0.02,5000
frame_1419.jpg,5,5,0.02,5000
frame_1420.jpg,5,5,0.02,5000
frame_1421.jpg,5,5,0.02,5000
frame_1422.jpg,5,5,0.02,5000
frame_1423.jpg,5,5,0.02,5000
frame_1424.jpg,5,5,0.02,5000
frame_1425.jpg,5,5,0.02,5000
frame_1426.jpg,5,5,0.02,5000
frame_1427.jpg,5,5,0.02,5000
frame_1428.jpg,5,5,0.02,5000
frame_1429.jpg,5,5,0.02,5000
frame_1430.jpg,5,5,0.02,5000
frame_1431.jpg,5,5,0.02,5000
frame_1432.jpg,5,5,0.02,5000
frame_1433.jpg,5,5,0.02,5000
frame_1434.jpg,5,5,0.02,5000
frame_1435.jpg,5,5,0.02,5000
frame_1436.jpg,5,5,0.02,5000
frame_1437.jpg,5,5,0.02,5000
frame_1438.jpg,5,5,0.02,5000
frame_1439.jpg,5,5,0.02,5000
frame_1440.jpg,5,5,0.02,5000
frame_1441.jpg,5,5,0.02,5000
frame_1442.jpg,5,5,0.02,5000
frame_1443.jpg,5,5,0.02,5000
frame_1444.jpg,5,5,0.02,5000
frame_1445.jpg,5,5,0.02,5000
frame_1446.jpg,5,5,0.02,5000
frame_1447.jpg,5,5,0.02,5000
frame_1448.jpg,5,5,0.02,5000
frame_1449.jpg,5,5,0.02,5000
frame_1450.jpg,5,5,0.02,5000
frame_1451.jpg,5,5,0.02,5000
frame_1452.jpg,5,5,0.02,5000
frame_1453.jpg,5,5,0.02,5000
frame_1454.jpg,5,5,0.02,5000
frame_1455.jpg,5,5,0.02,5000
frame_1456.jpg,5,5,0.02,5000
frame_1457.jpg,5,5,0.02,5000
frame_1458.jpg,5,5,0.02,5000
frame_1459.jpg,5,5,0.02,5000
frame_1460.jpg,5,5,0.02,5000
frame_1461.jpg,5,5,0.02,5000
frame_1462.jpg,5,5,0.02,5000
frame_1463.jpg,5,5,0.02,5000
frame_1464.jpg,5,5,0.02,5000
frame_1465.jpg,5,5,0.02,5000
frame_1466.jpg,5,5,0.02,5000
frame_1467.jpg,5,5,0.02,5000
frame_1468.jpg,5,5,0.02,5000
frame_1469.jpg,5,5,0.02,5000
frame_1470.jpg,5,5,0.02,5000
frame_1471.jpg,5,5,0.02,5000
frame_1472.jpg,5,5,0.02,5000
frame_1473.jpg,5,5,0.02,5000
frame_1474.jpg,5,5,0.02,5000
frame_1475.jpg,5,5,0.02,5000
frame_1476.jpg,5,5,0.02,5000
frame_1477.jpg,5,5,0.02,5000
frame_1478.jpg,5,5,0.02,5000
frame_1479.jpg,5,5,0.02,5000
frame_1480.jpg,5,5,0.02,5000
frame_1481.jpg,5,5,0.02,5000
frame_1482.jpg,5,5,0.02,5000
frame_1483.jpg,5,5,0.02,5000
frame_1484.jpg,5,5,0.02,5000
frame_1485.jpg,5,5,0.02,5000
frame_1486.jpg,5,5,0.02,5000
frame_1487.jpg,5,5,0.02,5000
frame_1488.jpg,5,5,0.02,5000
frame_1489.jpg,5,5,0.02,5000
frame_1490.jpg,5,5,0.02,5000
frame_1491.jpg,5,5,0.02,5000
frame_1492.jpg,5,5,0.02,5000
frame_1493.jpg,5,5,0.02,5000
frame_1494.jpg,5,5,0.02,5000
frame_1495.jpg,5,5,0.02,5000
frame_1496.jpg,5,5,0.02,5000
frame_1497.jpg,5,5,0.02,5000
frame_1498.jpg,5,5,0.02,5000
frame_1499.jpg,5,5,0.02,5000
frame_1500.jpg,5,5,0.02,5000
frame_1501.jpg,5,5,0.02,5000
frame_1502.jpg,5,5,0.02,5000
frame_1503.jpg,5,5,0.02,5000
frame_1504.jpg,5,5,0.02,5000
frame_1505.jpg,5,5,0.02,5000
frame_1506.jpg,5,5,0.02,5000
frame_1507.jpg,5,5,0.02,5000
frame_1508.jpg,5,5,0.02,5000
frame_1509.jpg,5,5,0.02,5000
frame_1510.jpg,5,5,0.02,5000
frame_1511.jpg,5,5,0.02,5000
frame_1512.jpg,5,5,0.02,5000
frame_1513.jpg,5,5,0.02,5000
frame_1514.jpg,5,5,0.02,5000
frame_1515.jpg,5,5,0.02,5000
frame_1516.jpg,5,5,0.02,5000
frame_1517.jpg,5,5,0.02,5000
frame_1518.jpg,5,5,0.02,5000
frame_1519.jpg,5,5,0.02,5000
frame_1520.jpg,5,5,0.02,5000
frame_1521.jpg,5,5,0.02,5000
frame_1522.jpg,5,5,0.02,5000
frame_1523.jpg,5,5,0.02,5000
frame_1524.jpg,5,5,0.02,5000
frame_1525.jpg,5,5,0.02,5000
frame_1526.jpg,5,5,0.02,5000
frame_1527.jpg,5,5,0.02,5000
frame_1528.jpg,5,5,0.02,5000
frame_1529.jpg,5,5,0.02,5000
frame_1530.jpg,5,5,0.02,5000
frame_1531.jpg,5,5,0.02,5000
frame_1532.jpg,5,5,0.02,5000
frame_1533.jpg,5,5,0.02,5000
frame_1534.jpg,5,5,0.02,5000
frame_1535.jpg,5,5,0.02,5000
frame_1536.jpg,5,5,0.02,5000
frame_1537.jpg,5,5,0.02,5000
frame_1538.jpg,5,5,0.02,5000
frame_1539.jpg,5,5,0.02,5000
frame_1540.jpg,5,5,0.02,5000
frame_1541.jpg,5,5,0.02,5000
frame_1542.jpg,5,5,0.02,5000
frame_1543.jpg,5,5,0.02,5000
frame_1544.jpg,5,5,0.02,5000
frame_1545.jpg,5,5,0.02,5000
frame_1546.jpg,5,5,0.02,5000
frame_1547.jpg,5,5,0.02,5000
frame_1548.jpg,5,5,0.02,5000
frame_1549.jpg,5,5,0.02,5000
frame_1550.jpg,5,5,0.02,5000
frame_1551.jpg,5,5,0.02,5000
frame_1552.jpg,5,5,0.02,5000
frame_1553.jpg,5,5,0.02,5000
frame_1554.jpg,5,5,0.02,5000
frame_1555.jpg,5,5,0.02,5000
frame_1556.jpg,5,5,0.02,5000
frame_1557.jpg,5,5,0.02,5000
frame_1558.jpg,5,5,0.02,5000
frame_1559.jpg,5,5,0.02,5000
frame_1560.jpg,5,5,0.02,5000
frame_1561.jpg,5,5,0.02,5000
frame_1562.jpg,5,5,0.02,5000
frame_1563.jpg,5,5,0.02,5000
frame_1564.jpg,5,5,0.02,5000
frame_1565.jpg,5,5,0.02,5000
frame_1566.jpg,5,5,0.02,5000
frame_1567.jpg,5,5,0.02,5000
frame_1568.jpg,5,5,0.02,5000
frame_1569.jpg,5,5,0.02,5000
frame_1570.jpg,5,5,0.02,5000
frame_1571.jpg,5,5,0.02,5000
frame_1572.jpg,5,5,0.02,5000
frame_1573.jpg,5,5,0.02,5000
frame_1574.jpg,5,5,0.02,5000
frame_1575.jpg,5,5,0.02,5000
frame_1576.jpg,5,5,0.02,5000
frame_1577.jpg,5,5,0.02,5000
frame_1578.jpg,5,5,0.02,5000
frame_1579.jpg,5,5,0.02,5000
frame_1580.jpg,5,5,0.02,5000
frame_1581.jpg,5,5,0.02,5000
frame_1582.jpg,5,5,0.02,5000
frame_1583.jpg,5,5,0.02,5000
frame_1584.jpg,5,5,0.02,5000
frame_1585.jpg,5,5,0.02,5000
frame_1586.jpg,5,5,0.02,5000
frame_1587.jpg,5,5,0.02,5000
frame_1588.jpg,5,5,0.02,5000
frame_1589.jpg,5,5,0.02,5000
frame_1590.jpg,5,5,0.02,5000
frame_1591.jpg,5,5,0.02,5000
frame_1592.jpg,5,5,0.02,5000
frame_1593.jpg,5,5,0.02,5000
frame_1594.jpg,5,5,0.02,5000
frame_1595.jpg,5,5,0.02,5000
frame_1596.jpg,5,5,0.02,5000
frame_1597.jpg,5,5,0.02,5000
frame_1598.jpg,5,5,0.02,5000
frame_1599.jpg,5,5,0.02,5000
frame_1600.jpg,5,5,0.02,5000
frame_1601.jpg,5,5,0.02,5000
frame_1602.jpg,5,5,0.02,5000
frame_1603.jpg,5,5,0.02,5000
frame_1604.jpg,5,5,0.02,5000
frame_1605.jpg,5,5,0.02,5000
frame_1606.jpg,5,5,0.02,5000
frame_1607.jpg,5,5,0.02,5000
frame_1608.jpg,5,5,0.02,5000
frame_1609.jpg,5,5,0.02,5000
frame_1610.jpg,5,5,0.02,5000
frame_1611.jpg,5,5,0.02,5000
frame_1612.jpg,5,5,0.02,5000
frame_1613.jpg,5,5,0.02,5000
frame_1614.jpg,5,5,0.02,5000
frame_1615.jpg,5,5,0.02,5000
frame_1616.jpg,5,5,0.02,5000
frame_1617.jpg,5,5,0.02,5000
frame_1618.jpg,5,5,0.02,5000
frame_1619.jpg,5,5,0.02,5000
frame_1620.jpg,5,5,0.02,5000
frame_1621.jpg,5,5,0.02,5000
frame_1622.jpg,5,5,0.02,5000
frame_1623.jpg,5,5,0.02,5000
frame_1624.jpg,5,5,0.02,5000
frame_1625.jpg,5,5,0.02,5000
frame_1626.jpg,5,5,0.02,5000
frame_1627.jpg,5,5,0.02,5000
frame_1628.jpg,5,5,0.02,5000
frame_1629.jpg,5,5,0.02,5000
frame_1630.jpg,5,5,0.02,5000
frame_1631.jpg,5,5,0.02,5000
frame_1632.jpg,5,5,0.02,5000
frame_1633.jpg,5,5,0.02,5000
frame_1634.jpg,5,5,0.02,5000
frame_1635.jpg,5,5,0.02,5000
frame_1636.jpg,5,5,0.02,5000
frame_1637.jpg,5,5,0.02,5000
frame_1638.jpg,5,5,0.02,5000
frame_1639.jpg,5,5,0.02,5000
frame_1640.jpg,5,5,0.02,5000
frame_1641.jpg,5,5,0.02,5000
frame_1642.jpg,5,5,0.02,5000
frame_1643.jpg,5,5,0.02,5000
frame_1644.jpg,5,5,0.02,5000
frame_1645.jpg,5,5,0.02,5000
frame_1646.jpg,5,5,0.02,5000
frame_1647.jpg,5,5,0.02,5000
frame_1648.jpg,5,5,0.02,5000
frame_1649.jpg,5,5,0.02,5000
frame_1650.jpg,5,5,0.02,5000
frame_1651.jpg,5,5,0.02,5000
frame_1652.jpg,5,5,0.02,5000
frame_1653.jpg,5,5,0.02,5000
frame_1654.jpg,5,5,0.02,5000
frame_1655.jpg,5,5,0.02,5000
frame_1656.jpg,5,5,0.02,5000
frame_1657.jpg,5,5,0.02,5000
frame_1658.jpg,5,5,0.02,5000
frame_1659.jpg,5,5,0.02,5000
frame_1660.jpg,5,5,0.02,5000
frame_1661.jpg,5,5,0.02,5000
frame_1662.jpg,5,5,0.02,5000
frame_1663.jpg,5,5,0.02,5000
frame_1664.jpg,5,5,0.02,5000
frame_1665.jpg,5,5,0.02,5000
frame_1666.jpg,5,5,0.02,5000
frame_1667.jpg,5,5,0.02,5000
frame_1668.jpg,5,5,0.02,5000
frame_1669.jpg,5,5,0.02,5000
frame_1670.jpg,5,5,0.02,5000
frame_1671.jpg,5,5,0.02,5000
frame_1672.jpg,5,5,0.02,5000
frame_1673.jpg,5,5,0.02,5000
frame_1674.jpg,5,5,0.02,5000
frame_1675.jpg,5,5,0.02,5000
frame_1676.jpg,5,5,0.02,5000
frame_1677.jpg,5,5,0.02,5000
frame_1678.jpg,5,5,0.02,5000
frame_1679.jpg,5,5,0.02,5000
frame_1680.jpg,5,5,0.02,5000
frame_1681.jpg,5,5,0.02,5000
frame_1682.jpg,5,5,0.02,5000
frame_1683.jpg,5,5,0.02,5000
frame_1684.jpg,5,5,0.02,5000
frame_1685.jpg,5,5,0.0,-1
frame_1686.jpg,5,5,0.0,-1
frame_1687.jpg,5,5,0.0,-1
frame_1688.jpg,5,5,0.0,-1
frame_1689.jpg,5,5,0.0,-1
frame_1690.jpg,5,5,0.0,-1
frame_1691.jpg,5,5,0.0,-1
frame_1692.jpg,5,5,0.0,-1
frame_1693.jpg,5,5,0.0,-1
frame_1694.jpg,5,5,0.0,-1
frame_1695.jpg,5,5,0.0,-1
frame_1696.jpg,5,5,0.0,-1
frame_1697.jpg,5,5,0.0,-1
frame_1698.jpg,5,5,0.0,-1
frame_1699.jpg,5,5,0.0,-1
frame_1700.jpg,5,5,0.0,-1
frame_1701.jpg,5,5,0.0,-1
frame_1702.jpg,5,5,0.0,-1
frame_1703.jpg,5,5,0.0,-1
frame_1704.jpg,5,5,0.0,-1
frame_1705.jpg,5,5,0.0,-1
frame_1706.jpg,5,5,0.0,-1
frame_1707.jpg,5,5,0.0,-1
frame_1708.jpg,5,5,0.0,-1
frame_1709.jpg,5,5,0.0,-1
frame_1710.jpg,5,5,0.0,-1
frame_1711.jpg,5,5,0.0,-1
frame_1712.jpg,5,5,0.0,-1
frame_1713.jpg,5,5,0.0,-1
frame_1714.jpg,5,5,0.0,-1
frame_1715.jpg,5,5,0.0,-1
frame_1716.jpg,5,5,0.0,-1
frame_1717.jpg,5,5,0.0,-1
frame_1718.jpg,5,5,0.0,-1
frame_1719.jpg,5,5,0.0,-1
frame_1720.jpg,5,5,0.0,-1
frame_1721.jpg,5,5,0.0,-1
frame_1722.jpg,5,5,0.0,-1
frame_1723.jpg,5,5,0.0,-1
frame_1724.jpg,5,5,0.0,-1
frame_1725.jpg,5,5,0.0,-1
frame_1726.jpg,5,5,0.0,-1
frame_1727.jpg,5,5,0.0,-1
frame_1728.jpg,5,5,0.0,-1
frame_1729.jpg,5,5,0.0,-1
frame_1730.jpg,5,5,0.0,-1
frame_1731.jpg,5,5,0.0,-1
frame_1732.jpg,5,5,0.0,-1
frame_1733.jpg,5,5,0.0,-1
frame_1734.jpg,5,5,0.0,-1
frame_1735.jpg,5,5,0.0,-1
frame_1736.jpg,5,5,0.0,-1
frame_1737.jpg,5,5,0.0,-1
frame_1738.jpg,5,5,0.0,-1
frame_1739.jpg,5,5,0.0,-1
frame_1740.jpg,5,5,0.0,-1
frame_1741.jpg,5,5,0.0,-1
frame_1742.jpg,5,5,0.0,-1
frame_1743.jpg,5,5,0.0,-1
frame_1744.jpg,5,5,0.0,-1
frame_1745.jpg,5,5,0.0,-1
frame_1746.jpg,5,5,0.0,-1
frame_1747.jpg,5,5,0.0,-1
frame_1748.jpg,5,5,0.0,-1
frame_1749.jpg,5,5,0.0,-1
frame_1750.jpg,5,5,0.0,-1
frame_1751.jpg,5,5,0.0,-1
frame_1752.jpg,5,5,0.0,-1
frame_1753.jpg,5,5,0.0,-1
frame_1754.jpg,5,5,0.0,-1
frame_1755.jpg,5,5,0.0,-1
frame_1756.jpg,5,5,0.0,-1
frame_1757.jpg,5,5,0.0,-1
frame_1758.jpg,5,5,0.0,-1
frame_1759.jpg,5,5,0.0,-1
frame_1760.jpg,5,5,0.0,-1
frame_1761.jpg,5,5,0.0,-1
frame_1762.jpg,5,5,0.0,-1
frame_1763.jpg,5,5,0.0,-1
frame_1764.jpg,5,5,0.0,-1
frame_1765.jpg,5,5,0.0,-1
frame_1766.jpg,5,5,0.0,-1
frame_1767.jpg,5,5,0.0,-1
frame_1768.jpg,5,5,0.0,-1
frame_1769.jpg,5,5,0.0,-1
frame_1770.jpg,5,5,0.0,-1
frame_1771.jpg,5,5,0.0,-1
frame_1772.jpg,5,5,0.0,-1
frame_1773.jpg,5,5,0.0,-1
frame_1774.jpg,5,5,0.0,-1
frame_1775.jpg,5,5,0.0,-1
frame_1776.jpg,5,5,0.0,-1
frame_1777.jpg,5,5,0.0,-1
frame_1778.jpg,5,5,0.0,-1
frame_1779.jpg,5,5,0.0,-1
frame_1780.jpg,5,5,0.0,-1
frame_1781.jpg,5,5,0.0,-1
frame_1782.jpg,5,5,0.0,-1
frame_1783.jpg,5,5,0.0,-1
frame_1784.jpg,5,5,0.0,-1
frame_1785.jpg,5,5,0.0,-1
frame_1786.jpg,5,5,0.0,-1
frame_1787.jpg,5,5,0.0,-1
frame_1788.jpg,5,5,0.0,-1
frame_1789.jpg,5,5,0.0,-1
frame_1790.jpg,5,5,0.0,-1
frame_1791.jpg,5,5,0.0,-1
frame_1792.jpg,5,5,0.0,-1
frame_1793.jpg,5,5,0.0,-1
frame_1794.jpg,5,5,0.0,-1
frame_1795.jpg,5,5,0.0,-1
frame_1796.jpg,5,5,0.0,-1
frame_1797.jpg,5,5,0.0,-1
frame_1798.jpg,5,5,0.0,-1
frame_1799.jpg,5,5,0.0,-1
frame_1800.jpg,5,5,0.0,-1
frame_1801.jpg,5,5,0.0,-1
frame_1802.jpg,5,5,0.0,-1
frame_1803.jpg,5,5,0.0,-1
frame_1804.jpg,5,5,0.0,-1
frame_1805.jpg,5,5,0.0,-1
frame_1806.jpg,5,5,0.0,-1
frame_1807.jpg,5,5,0.0,-1
frame_1808.jpg,5,5,0.0,-1
frame_1809.jpg,5,5,0.0,-1
frame_1810.jpg,5,5,0.0,-1
frame_1811.jpg,5,5,0.0,-1
frame_1812.jpg,5,5,0.0,-1
frame_1813.jpg,5,5,0.0,-1
frame_1814.jpg,5,5,0.0,-1
frame_1815.jpg,5,5,0.0,-1
frame_1816.jpg,5,5,0.0,-1
frame_1817.jpg,5,5,0.0,-1
frame_1818.jpg,5,5,0.0,-1
frame_1819.jpg,5,5,0.0,-1
frame_1820.jpg,5,5,0.0,-1
frame_1821.jpg,5,5,0.0,-1
frame_1822.jpg,5,5,0.0,-1
frame_1823.jpg,5,5,0.0,-1
frame_1824.jpg,5,5,0.0,-1
frame_1825.jpg,5,5,0.0,-1
frame_1826.jpg,5,5,0.0,-1
frame_1827.jpg,5,5,0.0,-1
frame_1828.jpg,5,5,0.0,-1
frame_1829.jpg,5,5,0.0,-1
frame_1830.jpg,5,5,0.0,-1
frame_1831.jpg,5,5,0.0,-1
frame_1832.jpg,5,5,0.0,-1
frame_1833.jpg,5,5,0.0,-1
frame_1834.jpg,5,5,0.0,-1
frame_1835.jpg,5,5,0.0,-1
frame_1836.jpg,5,5,0.0,-1
frame_1837.jpg,5,5,0.0,-1
frame_1838.jpg,5,5,0.0,-1
frame_1839.jpg,5,5,0.0,-1
frame_1840.jpg,5,5,0.0,-1
frame_1841.jpg,5,5,0.0,-1
frame_1842.jpg,5,5,0.0,-1
frame_1843.jpg,5,5,0.0,-1
frame_1844.jpg,5,5,0.0,-1
frame_1845.jpg,5,5,0.0,-1
frame_1846.jpg,5,5,0.0,-1
frame_1847.jpg,5,5,0.0,-1
frame_1848.jpg,5,5,0.0,-1
frame_1849.jpg,5,5,0.0,-1
frame_1850.jpg,5,5,0.0,-1
frame_1851.jpg,5,5,0.0,-1
frame_1852.jpg,5,5,0.0,-1
frame_1853.jpg,5,5,0.0,-1
frame_1854.jpg,5,5,0.0,-1
frame_1855.jpg,5,5,0.0,-1
frame_1856.jpg,5,5,0.0,-1
frame_1857.jpg,5,5,0.0,-1
frame_1858.jpg,5,5,0.0,-1
frame_1859.jpg,5,5,0.0,-1
frame_1860.jpg,5,5,0.0,-1
frame_1861.jpg,5,5,0.0,-1
frame_1862.jpg,5,5,0.0,-1
frame_1863.jpg,5,5,0.0,-1
frame_1864.jpg,5,5,0.0,-1
frame_1865.jpg,5,5,0.0,-1
frame_1866.jpg,5,5,0.0,-1
frame_1867.jpg,5,5,0.0,-1
frame_1868.jpg,5,5,0.0,-1
frame_1869.jpg,5,5,0.0,-1
frame_1870.jpg,5,5,0.0,-1
frame_1871.jpg,5,5,0.0,-1
frame_1872.jpg,5,5,0.0,-1
frame_1873.jpg,5,5,0.0,-1
frame_1874.jpg,5,5,0.0,-1
frame_1875.jpg,5,5,0.0,-1
frame_1876.jpg,5,5,0.0,-1
frame_1877.jpg,5,5,0.0,-1
frame_1878.jpg,5,5,0.0,-1
frame_1879.jpg,5,5,0.0,-1
frame_1880.jpg,5,5,0.0,-1
frame_1881.jpg,5,5,0.0,-1
frame_1882.jpg,5,5,0.0,-1
frame_1883.jpg,5,5,0.0,-1
frame_1884.jpg,5,5,0.0,-1
frame_1885.jpg,5,5,0.0,-1
frame_1886.jpg,5,5,0.0,-1
frame_1887.jpg,5,5,0.0,-1
frame_1888.jpg,5,5,0.0,-1
frame_1889.jpg,5,5,0.0,-1
frame_1890.jpg,5,5,0.0,-1
frame_1891.jpg,5,5,0.0,-1
frame_1892.jpg,5,5,0.0,-1
frame_1893.jpg,5,5,0.0,-1
frame_1894.jpg,5,5,0.0,-1
frame_1895.jpg,5,5,0.0,-1
frame_1896.jpg,5,5,0.0,-1
frame_1897.jpg,5,5,0.0,-1
frame_1898.jpg,5,5,0.0,-1
frame_1899.jpg,5,5,0.0,-1
frame_1900.jpg,5,5,0.0,-1
frame_1901.jpg,5,5,0.0,-1
frame_1902.jpg,5,5,0.0,-1
frame_1903.jpg,5,5,0.0,-1
frame_1904.jpg,5,5,0.0,-1
frame_1905.jpg,5,5,0.0,-1
frame_1906.jpg,5,5,0.0,-1
frame_1907.jpg,5,5,0.0,-1
frame_1908.jpg,5,5,0.0,-1
frame_1909.jpg,5,5,0.0,-1
frame_1910.jpg,5,5,0.0,-1
frame_1911.jpg,5,5,0.0,-1
frame_1912.jpg,5,5,0.0,-1
frame_1913.jpg,5,5,0.0,-1
frame_1914.jpg,5,5,0.0,-1
frame_1915.jpg,5,5,0.0,-1
frame_1916.jpg,5,5,0.0,-1
frame_1917.jpg,5,5,0.0,-1
frame_1918.jpg,5,5,0.0,-1
frame_1919.jpg,5,5,0.0,-1
frame_1920.jpg,5,5,0.0,-1
frame_1921.jpg,5,5,0.0,-1
frame_1922.jpg,5,5,0.0,-1
frame_1923.jpg,5,5,0.0,-1
frame_1924.jpg,5,5,0.0,-1
frame_1925.jpg,5,5,0.0,-1
frame_1926.jpg,5,5,0.0,-1
frame_1927.jpg,5,5,0.0,-1
frame_1928.jpg,5,5,0.0,-1
frame_1929.jpg,5,5,0.0,-1
frame_1930.jpg,5,5,0.0,-1
frame_1931.jpg,5,5,0.0,-1
frame_1932.jpg,5,5,0.0,-1
frame_1933.jpg,5,5,0.0,-1
frame_1934.jpg,5,5,0.0,-1
frame_1935.jpg,5,5,0.0,-1
frame_1936.jpg,5,5,0.0,-1
frame_1937.jpg,5,5,0.0,-1
frame_1938.jpg,5,5,0.0,-1
frame_1939.jpg,5,5,0.0,-1
frame_1940.jpg,5,5,0.0,-1
frame_1941.jpg,5,5,0.0,-1
frame_1942.jpg,5,5,0.0,-1
frame_1943.jpg,5,5,0.0,-1
frame_1944.jpg,5,5,0.0,-1
frame_1945.jpg,5,5,0.0,-1
frame_1946.jpg,5,5,0.0,-1
frame_1947.jpg,5,5,0.0,-1
frame_1948.jpg,5,5,0.0,-1
frame_1949.jpg,5,5,0.0,-1
frame_1950.jpg,5,5,0.0,-1
frame_1951.jpg,5,5,0.0,-1
frame_1952.jpg,5,5,0.0,-1
frame_1953.jpg,5,5,0.0,-1
frame_1954.jpg,5,5,0.0,-1
frame_1955.jpg,5,5,0.0,-1
frame_1956.jpg,5,5,0.0,-1
frame_1957.jpg,5,5,0.0,-1
frame_1958.jpg,5,5,0.0,-1
frame_1959.jpg,5,5,0.0,-1
frame_1960.jpg,5,5,0.0,-1
frame_1961.jpg,5,5,0.0,-1
frame_1962.jpg,5,5,0.0,-1
frame_1963.jpg,5,5,0.0,-1
frame_1964.jpg,5,5,0.0,-1
frame_1965.jpg,5,5,0.0,-1
frame_1966.jpg,5,5,0.0,-1
frame_1967.jpg,5,5,0.0,-1
frame_1968.jpg,5,5,0.0,-1
frame_1969.jpg,5,5,0.0,-1
frame_1970.jpg,5,5,0.0,-1
frame_1971.jpg,5,5,0.0,-1
frame_1972.jpg,5,5,0.0,-1
frame_1973.jpg,5,5,0.0,-1
frame_1974.jpg,5,5,0.0,-1
frame_1975.jpg,5,5,0.0,-1
frame_1976.jpg,5,5,0.0,-1
frame_1977.jpg,5,5,0.0,-1
frame_1978.jpg,5,5,0.0,-1
frame_1979.jpg,5,5,0.0,-1
frame_1980.jpg,5,5,0.0,-1
frame_1981.jpg,5,5,0.0,-1
frame_1982.jpg,5,5,0.0,-1
frame_1983.jpg,5,5,0.0,-1
frame_1984.jpg,5,5,0.0,-1
frame_1985.jpg,5,5,0.0,-1
frame_1986.jpg,5,5,0.0,-1
frame_1987.jpg,5,5,0.0,-1
frame_1988.jpg,5,5,0.0,-1
frame_1989.jpg,5,5,0.0,-1
frame_1990.jpg,5,5,0.0,-1
frame_1991.jpg,5,5,0.0,-1
frame_1992.jpg,5,5,0.0,-1
frame_1993.jpg,5,5,0.0,-1
frame_1994.jpg,5,5,0.0,-1
frame_1995.jpg,5,5,0.0,-1
frame_1996.jpg,5,5,0.0,-1
frame_1997.jpg,5,5,0.0,-1
frame_1998.jpg,5,5,0.0,-1
frame_1999.jpg,5,5,0.0,-1
frame_2000.jpg,5,5,0.0,-1
frame_2001.jpg,5,5,0.0,-1
frame_2002.jpg,5,5,0.0,-1
frame_2003.jpg,5,5,0.0,-1
frame_2004.jpg,5,5,0.0,-1
frame_2005.jpg,5,5,0.0,-1
frame_2006.jpg,5,5,0.0,-1
frame_2007.jpg,5,5,0.0,-1
frame_2008.jpg,5,5,0.0,-1
frame_2009.jpg,5,5,0.0,-1
frame_2010.jpg,5,5,0.0,-1
frame_2011.jpg,5,5,0.0,-1
frame_2012.jpg,5,5,0.0,-1
frame_2013.jpg,5,5,0.0,-1
frame_2014.jpg,5,5,0.0,-1
frame_2015.jpg,5,5,0.0,-1
frame_2016.jpg,5,5,0.0,-1
frame_2017.jpg,5,5,0.0,-1
frame_2018.jpg,5,5,0.0,-1
frame_2019.jpg,5,5,0.0,-1
frame_2020.jpg,5,5,0.0,-1
frame_2021.jpg,5,5,0.0,-1
frame_2022.jpg,5,5,0.0,-1
frame_2023.jpg,5,5,0.0,-1
frame_2024.jpg,5,5,0.0,-1
frame_2025.jpg,5,5,0.0,-1
frame_2026.jpg,5,5,0.0,-1
frame_2027.jpg,5,5,0.0,-1
frame_2028.jpg,5,5,0.0,-1
frame_2029.jpg,5,5,0.0,-1
frame_2030.jpg,5,5,0.0,-1
frame_2031.jpg,5,5,0.0,-1
frame_2032.jpg,5,5,0.0,-1
frame_2033.jpg,5,5,0.0,-1
frame_2034.jpg,5,5,0.0,-1
frame_2035.jpg,5,5,0.0,-1
frame_2036.jpg,5,5,0.0,-1
frame_2037.jpg,5,5,0.0,-1
frame_2038.jpg,5,5,0.0,-1
frame_2039.jpg,5,5,0.0,-1
frame_2040.jpg,5,5,0.0,-1
frame_2041.jpg,5,5,0.0,-1
frame_2042.jpg,5,5,0.0,-1
frame_2043.jpg,5,5,0.0,-1
frame_2044.jpg,5,5,0.0,-1
frame_2045.jpg,5,5,0.0,-1
frame_2046.jpg,5,5,0.0,-1
frame_2047.jpg,5,5,0.0,-1
frame_2048.jpg,5,5,0.0,-1
frame_2049.jpg,5,5,0.0,-1
frame_2050.jpg,5,5,0.0,-1
frame_2051.jpg,5,5,0.0,-1
frame_2052.jpg,5,5,0.0,-1
frame_2053.jpg,5,5,0.0,-1
frame_2054.jpg,5,5,0.0,-1
frame_2055.jpg,5,5,0.0,-1
frame_2056.jpg,5,5,0.0,-1
frame_2057.jpg,5,5,0.0,-1
frame_2058.jpg,5,5,0.0,-1
frame_2059.jpg,5,5,0.0,-1
frame_2060.jpg,5,5,0.0,-1
frame_2061.jpg,5,5,0.0,-1
frame_2062.jpg,5,5,0.0,-1
frame_2063.jpg,5,5,0.0,-1
frame_2064.jpg,5,5,0.0,-1
frame_2065.jpg,5,5,0.0,-1
frame_2066.jpg,5,5,0.0,-1
frame_2067.jpg,5,5,0.0,-1
frame_2068.jpg,5,5,0.0,-1
frame_2069.jpg,5,5,0.0,-1
frame_2070.jpg,5,5,0.0,-1
frame_2071.jpg,5,5,0.0,-1
frame_2072.jpg,5,5,0.0,-1
frame_2073.jpg,5,5,0.0,-1
frame_2074.jpg,5,5,0.0,-1
frame_2075.jpg,5,5,0.0,-1
frame_2076.jpg,5,5,0.0,-1
frame_2077.jpg,5,5,0.0,-1
frame_2078.jpg,5,5,0.0,-1
frame_2079.jpg,5,5,0.0,-1
frame_2080.jpg,5,5,0.0,-1
frame_2081.jpg,5,5,0.0,-1
frame_2082.jpg,5,5,0.0,-1
frame_2083.jpg,5,5,0.0,-1
frame_2084.jpg,5,5,0.0,-1
frame_2085.jpg,5,5,0.0,-1
frame_2086.jpg,5,5,0.0,-1
frame_2087.jpg,5,5,0.0,-1
frame_2088.jpg,5,5,0.0,-1
frame_2089.jpg,5,5,0.0,-1
frame_2090.jpg,5,5,0.0,-1
frame_2091.jpg,5,5,0.0,-1
frame_2092.jpg,5,5,0.0,-1
frame_2093.jpg,5,5,0.0,-1
frame_2094.jpg,5,5,0.0,-1
frame_2095.jpg,5,5,0.0,-1
frame_2096.jpg,5,5,0.0,-1
frame_2097.jpg,5,5,0.0,-1
frame_2098.jpg,5,5,0.0,-1
frame_2099.jpg,5,5,0.0,-1
frame_2100.jpg,5,5,0.0,-1
frame_2101.jpg,5,5,0.0,-1
frame_2102.jpg,5,5,0.0,-1
frame_2103.jpg,5,5,0.0,-1
frame_2104.jpg,5,5,0.0,-1
frame_2105.jpg,5,5,0.0,-1
frame_2106.jpg,5,5,0.0,-1
frame_2107.jpg,5,5,0.0,-1
frame_2108.jpg,5,5,0.0,-1
frame_2109.jpg,5,5,0.0,-1
frame_2110.jpg,5,5,0.0,-1
frame_2111.jpg,5,5,0.0,-1
frame_2112.jpg,5,5,0.0,-1
frame_2113.jpg,5,5,0.0,-1
frame_2114.jpg,5,5,0.0,-1
frame_2115.jpg,5,5,0.0,-1
frame_2116.jpg,5,5,0.0,-1
frame_2117.jpg,5,5,0.0,-1
frame_2118.jpg,5,5,0.0,-1
frame_2119.jpg,5,5,0.0,-1
frame_2120.jpg,5,5,0.0,-1
frame_2121.jpg,5,5,0.0,-1
frame_2122.jpg,5,5,0.0,-1
frame_2123.jpg,5,5,0.0,-1
frame_2124.jpg,5,5,0.0,-1
frame_2125.jpg,5,5,0.0,-1
frame_2126.jpg,5,5,0.0,-1
frame_2127.jpg,5,5,0.0,-1
frame_2128.jpg,5,5,0.0,-1
frame_2129.jpg,5,5,0.0,-1
frame_2130.jpg,5,5,0.0,-1
frame_2131.jpg,5,5,0.0,-1
frame_2132.jpg,5,5,0.0,-1
frame_2133.jpg,5,5,0.0,-1
frame_2134.jpg,5,5,0.0,-1
frame_2135.jpg,5,5,0.0,-1
frame_2136.jpg,5,5,0.0,-1
frame_2137.jpg,5,5,0.0,-1
frame_2138.jpg,5,5,0.0,-1
frame_2139.jpg,5,5,0.0,-1
frame_2140.jpg,5,5,0.0,-1
frame_2141.jpg,5,5,0.0,-1
frame_2142.jpg,5,5,0.0,-1
frame_2143.jpg,5,5,0.0,-1
frame_2144.jpg,5,5,0.0,-1
frame_2145.jpg,5,5,0.0,-1
frame_2146.jpg,5,5,0.0,-1
frame_2147.jpg,5,5,0.0,-1
frame_2148.jpg,5,5,0.0,-1
frame_2149.jpg,5,5,0.0,-1
frame_2150.jpg,5,5,0.0,-1
frame_2151.jpg,5,5,0.0,-1
frame_2152.jpg,5,5,0.0,-1
frame_2153.jpg,5,5,0.0,-1
frame_2154.jpg,5,5,0.0,-1
frame_2155.jpg,5,5,0.0,-1
frame_2156.jpg,5,5,0.0,-1
frame_2157.jpg,5,5,0.0,-1
frame_2158.jpg,5,5,0.0,-1
frame_2159.jpg,5,5,0.0,-1
frame_2160.jpg,5,5,0.0,-1
frame_2161.jpg,5,5,0.0,-1
frame_2162.jpg,5,5,0.0,-1
frame_2163.jpg,5,5,0.0,-1
frame_2164.jpg,5,5,0.0,-1
frame_2165.jpg,5,5,0.0,-1
frame_2166.jpg,5,5,0.0,-1
frame_2167.jpg,5,5,0.0,-1
frame_2168.jpg,5,5,0.0,-1
frame_2169.jpg,5,5,0.0,-1
frame_2170.jpg,5,5,0.0,-1
frame_2171.jpg,5,5,0.0,-1
frame_2172.jpg,5,5,0.0,-1
frame_2173.jpg,5,5,0.0,-1
frame_2174.jpg,5,5,0.0,-1
frame_2175.jpg,5,5,0.0,-1
frame_2176.jpg,5,5,0.0,-1
frame_2177.jpg,5,5,0.0,-1
frame_2178.jpg,5,5,0.0,-1
frame_2179.jpg,5,5,0.0,-1
frame_2180.jpg,5,5,0.0,-1
frame_2181.jpg,5,5,0.0,-1
frame_2182.jpg,5,5,0.0,-1
frame_2183.jpg,5,5,0.0,-1
frame_2184.jpg,5,5,0.0,-1
frame_2185.jpg,5,5,0.0,-1
frame_2186.jpg,5,5,0.0,-1
frame_2187.jpg,5,5,0.0,-1
frame_2188.jpg,5,5,0.0,-1
frame_2189.jpg,5,5,0.0,-1
frame_2190.jpg,5,5,0.0,-1
frame_2191.jpg,5,5,0.0,-1
frame_2192.jpg,5,5,0.0,-1
frame_2193.jpg,5,5,0.0,-1
frame_2194.jpg,5,5,0.0,-1
frame_2195.jpg,5,5,0.0,-1
frame_2196.jpg,5,5,0.0,-1
frame_2197.jpg,5,5,0.0,-1
frame_2198.jpg,5,5,0.0,-1
frame_2199.jpg,5,5,0.0,-1
frame_2200.jpg,5,5,0.0,-1
frame_2201.jpg,5,5,0.0,-1
frame_2202.jpg,5,5,0.0,-1
frame_2203.jpg,5,5,0.0,-1
frame_2204.jpg,5,5,0.0,-1
frame_2205.jpg,5,5,0.0,-1
frame_2206.jpg,5,5,0.0,-1
frame_2207.jpg,5,5,0.0,-1
frame_2208.jpg,5,5,0.0,-1
frame_2209.jpg,5,5,0.0,-1
frame_2210.jpg,5,5,0.0,-1
frame_2211.jpg,5,5,0.0,-1
frame_2212.jpg,5,5,0.0,-1
frame_2213.jpg,5,5,0.0,-1
frame_2214.jpg,5,5,0.0,-1
frame_2215.jpg,5,5,0.0,-1
frame_2216.jpg,5,5,0.0,-1
frame_2217.jpg,5,5,0.0,-1
frame_2218.jpg,5,5,0.0,-1
frame_2219.jpg,5,5,0.0,-1
frame_2220.jpg,5,5,0.0,-1
frame_2221.jpg,5,5,0.0,-1
frame_2222.jpg,5,5,0.0,-1
frame_2223.jpg,5,5,0.0,-1
frame_2224.jpg,5,5,0.0,-1
frame_2225.jpg,5,5,0.0,-1
frame_2226.jpg,5,5,0.0,-1
frame_2227.jpg,5,5,0.0,-1
frame_2228.jpg,5,5,0.0,-1
frame_2229.jpg,5,5,0.0,-1
frame_2230.jpg,5,5,0.0,-1
frame_2231.jpg,5,5,0.0,-1
frame_2232.jpg,5,5,0.0,-1
frame_2233.jpg,5,5,0.0,-1
frame_2234.jpg,5,5,0.0,-1
frame_2235.jpg,5,5,0.0,-1
frame_2236.jpg,5,5,0.0,-1
frame_2237.jpg,5,5,0.0,-1
frame_2238.jpg,5,5,0.0,-1
frame_2239.jpg,5,5,0.0,-1
frame_2240.jpg,5,5,0.0,-1
frame_2241.jpg,5,5,0.0,-1
frame_2242.jpg,5,5,0.0,-1
frame_2243.jpg,5,5,0.0,-1
frame_2244.jpg,5,5,0.0,-1
frame_2245.jpg,5,5,0.0,-1
frame_2246.jpg,5,5,0.0,-1
frame_2247.jpg,5,5,0.0,-1
frame_2248.jpg,5,5,0.0,-1
frame_2249.jpg,5,5,0.0,-1
frame_2250.jpg,5,5,0.0,-1
frame_2251.jpg,5,5,0.0,-1
frame_2252.jpg,5,5,0.0,-1
frame_2253.jpg,5,5,0.0,-1
frame_2254.jpg,5,5,0.0,-1
frame_2255.jpg,5,5,0.0,-1
frame_2256.jpg,5,5,0.0,-1
frame_2257.jpg,5,5,0.0,-1
frame_2258.jpg,5,5,0.0,-1
frame_2259.jpg,5,5,0.0,-1
frame_2260.jpg,5,5,0.0,-1
frame_2261.jpg,5,5,0.0,-1
frame_2262.jpg,5,5,0.0,-1
frame_2263.jpg,5,5,0.0,-1
frame_2264.jpg,5,5,0.0,-1
frame_2265.jpg,5,5,0.0,-1
frame_2266.jpg,5,5,0.0,-1
frame_2267.jpg,5,5,0.0,-1
frame_2268.jpg,5,5,0.0,-1
frame_2269.jpg,5,5,0.0,-1
frame_2270.jpg,5,5,0.0,-1
frame_2271.jpg,5,5,0.0,-1
frame_2272.jpg,5,5,0.0,-1
frame_2273.jpg,5,5,0.0,-1
frame_2274.jpg,5,5,0.0,-1
frame_2275.jpg,5,5,0.0,-1
frame_2276.jpg,5,5,0.0,-1
frame_2277.jpg,5,5,0.0,-1
frame_2278.jpg,5,5,0.0,-1
frame_2279.jpg,5,5,0.0,-1
frame_2280.jpg,5,5,0.0,-1
frame_2281.jpg,5,5,0.0,-1
frame_2282.jpg,5,5,0.0,-1
frame_2283.jpg,5,5,0.0,-1
frame_2284.jpg,5,5,0.0,-1
frame_2285.jpg,5,5,0.0,-1
frame_2286.jpg,5,5,0.0,-1
frame_2287.jpg,5,5,0.0,-1
frame_2288.jpg,5,5,0.0,-1
frame_2289.jpg,5,5,0.0,-1
frame_2290.jpg,5,5,0.0,-1
frame_2291.jpg,5,5,0.0,-1
frame_2292.jpg,5,5,0.0,-1
frame_2293.jpg,5,5,0.0,-1
frame_2294.jpg,5,5,0.0,-1
frame_2295.jpg,5,5,0.0,-1
frame_2296.jpg,5,5,0.0,-1
frame_2297.jpg,5,5,0.0,-1
frame_2298.jpg,5,5,0.0,-1
frame_2299.jpg,5,5,0.0,-1
frame_2300.jpg,5,5,0.0,-1
frame_2301.jpg,5,5,0.0,-1
frame_2302.jpg,5,5,0.0,-1
frame_2303.jpg,5,5,0.0,-1
frame_2304.jpg,5,5,0.0,-1
frame_2305.jpg,5,5,0.0,-1
frame_2306.jpg,5,5,0.0,-1
frame_2307.jpg,5,5,0.0,-1
frame_2308.jpg,5,5,0.0,-1
frame_2309.jpg,5,5,0.0,-1
frame_2310.jpg,5,5,0.0,-1
frame_2311.jpg,5,5,0.0,-1
frame_2312.jpg,5,5,0.0,-1
frame_2313.jpg,5,5,0.0,-1
frame_2314.jpg,5,5,0.0,-1
frame_2315.jpg,5,5,0.0,-1
frame_2316.jpg,5,5,0.0,-1
frame_2317.jpg,5,5,0.0,-1
frame_2318.jpg,5,5,0.0,-1
frame_2319.jpg,5,5,0.0,-1
frame_2320.jpg,5,5,0.0,-1
frame_2321.jpg,5,5,0.0,-1
frame_2322.jpg,5,5,0.0,-1
frame_2323.jpg,5,5,0.0,-1
frame_2324.jpg,5,5,0.0,-1
frame_2325.jpg,5,5,0.0,-1
frame_2326.jpg,5,5,0.0,-1
frame_2327.jpg,5,5,0.0,-1
frame_2328.jpg,5,5,0.0,-1
frame_2329.jpg,5,5,0.0,-1
frame_2330.jpg,5,5,0.0,-1
frame_2331.jpg,5,5,0.0,-1
frame_2332.jpg,5,5,0.0,-1
frame_2333.jpg,5,5,0.0,-1
frame_2334.jpg,5,5,0.0,-1
frame_2335.jpg,5,5,0.0,-1
frame_2336.jpg,5,5,0.0,-1
frame_2337.jpg,5,5,0.0,-1
frame_2338.jpg,5,5,0.0,-1
frame_2339.jpg,5,5,0.0,-1
frame_2340.jpg,5,5,0.0,-1
frame_2341.jpg,5,5,0.0,-1
frame_2342.jpg,5,5,0.0,-1
frame_2343.jpg,5,5,0.0,-1
frame_2344.jpg,5,5,0.0,-1
frame_2345.jpg,5,5,0.0,-1
frame_2346.jpg,5,5,0.0,-1
frame_2347.jpg,5,5,0.0,-1
frame_2348.jpg,5,5,0.0,-1
frame_2349.jpg,5,5,0.0,-1
frame_2350.jpg,5,5,0.0,-1
frame_2351.jpg,5,5,0.0,-1
frame_2352.jpg,5,5,0.0,-1
frame_2353.jpg,5,5,0.0,-1
frame_2354.jpg,5,5,0.0,-1
frame_2355.jpg,5,5,0.0,-1
frame_2356.jpg,5,5,0.0,-1
frame_2357.jpg,5,5,0.0,-1
frame_2358.jpg,5,5,0.0,-1
frame_2359.jpg,5,5,0.0,-1
frame_2360.jpg,5,5,0.0,-1
frame_2361.jpg,5,5,0.0,-1
frame_2362.jpg,5,5,0.0,-1
frame_2363.jpg,5,5,0.0,-1
frame_2364.jpg,5,5,0.0,-1
frame_2365.jpg,5,5,0.0,-1
frame_2366.jpg,5,5,0.0,-1
frame_2367.jpg,5,5,0.0,-1
frame_2368.jpg,5,5,0.0,-1
frame_2369.jpg,5,5,0.0,-1
frame_2370.jpg,5,5,0.0,-1
frame_2371.jpg,5,5,0.0,-1
frame_2372.jpg,5,5,0.0,-1
frame_2373.jpg,5,5,0.0,-1
frame_2374.jpg,5,5,0.0,-1
frame_2375.jpg,5,5,0.0,-1
frame_2376.jpg,5,5,0.0,-1
frame_2377.jpg,5,5,0.0,-1
frame_2378.jpg,5,5,0.0,-1
frame_2379.jpg,5,5,0.0,-1
frame_2380.jpg,5,5,0.0,-1
frame_2381.jpg,5,5,0.0,-1
frame_2382.jpg,5,5,0.0,-1
frame_2383.jpg,5,5,0.0,-1
frame_2384.jpg,5,5,0.0,-1
frame_2385.jpg,5,5,0.0,-1
frame_2386.jpg,5,5,0.0,-1
frame_2387.jpg,5,5,0.0,-1
frame_2388.jpg,5,5,0.0,-1
frame_2389.jpg,5,5,0.0,-1
frame_2390.jpg,5,5,0.0,-1
frame_2391.jpg,5,5,0.0,-1
frame_2392.jpg,5,5,0.0,-1
frame_2393.jpg,5,5,0.0,-1
frame_2394.jpg,5,5,0.0,-1
frame_2395.jpg,5,5,0.0,-1
frame_2396.jpg,5,5,0.0,-1
frame_2397.jpg,5,5,0.0,-1
frame_2398.jpg,5,5,0.0,-1
frame_2399.jpg,5,5,0.0,-1
frame_2400.jpg,5,5,0.0,-1
frame_2401.jpg,5,5,0.0,-1
frame_2402.jpg,5,5,0.0,-1
frame_2403.jpg,5,5,0.0,-1
frame_2404.jpg,5,5,0.0,-1
frame_2405.jpg,5,5,0.0,-1
frame_2406.jpg,5,5,0.0,-1
frame_2407.jpg,5,5,0.0,-1
frame_2408.jpg,5,5,0.0,-1
frame_2409.jpg,5,5,0.0,-1
frame_2410.jpg,5,5,0.0,-1
frame_2411.jpg,5,5,0.0,-1
frame_2412.jpg,5,5,0.0,-1
frame_2413.jpg,5,5,0.0,-1
frame_2414.jpg,5,5,0.0,-1
frame_2415.jpg,5,5,0.0,-1
frame_2416.jpg,5,5,0.0,-1
frame_2417.jpg,5,5,0.0,-1
frame_2418.jpg,5,5,0.0,-1
frame_2419.jpg,5,5,0.0,-1
frame_2420.jpg,5,5,0.0,-1
frame_2421.jpg,5,5,0.0,-1
frame_2422.jpg,5,5,0.0,-1
frame_2423.jpg,5,5,0.0,-1
frame_2424.jpg,5,5,0.0,-1
frame_2425.jpg,5,5,0.0,-1
frame_2426.jpg,5,5,0.0,-1
frame_2427.jpg,5,5,0.0,-1
frame_2428.jpg,5,5,0.0,-1
frame_2429.jpg,5,5,0.0,-1
frame_2430.jpg,5,5,0.0,-1
frame_2431.jpg,5,5,0.0,-1
frame_2432.jpg,5,5,0.0,-1
frame_2433.jpg,5,5,0.0,-1
frame_2434.jpg,5,5,0.0,-1
frame_2435.jpg,5,5,0.0,-1
frame_2436.jpg,5,5,0.0,-1
frame_2437.jpg,5,5,0.0,-1
frame_2438.jpg,5,5,0.0,-1
frame_2439.jpg,5,5,0.0,-1
frame_2440.jpg,5,5,0.0,-1
frame_2441.jpg,5,5,0.0,-1
frame_2442.jpg,5,5,0.0,-1
frame_2443.jpg,5,5,0.0,-1
frame_2444.jpg,5,5,0.0,-1
frame_2445.jpg,5,5,0.0,-1
frame_2446.jpg,5,5,0.0,-1
frame_2447.jpg,5,5,0.0,-1
frame_2448.jpg,5,5,0.0,-1
frame_2449.jpg,5,5,0.0,-1
frame_2450.jpg,5,5,0.0,-1
frame_2451.jpg,5,5,0.0,-1
frame_2452.jpg,5,5,0.0,-1
frame_2453.jpg,5,5,0.0,-1
frame_2454.jpg,5,5,0.0,-1
frame_2455.jpg,5,5,0.0,-1
frame_2456.jpg,5,5,0.0,-1
frame_2457.jpg,5,5,0.0,-1
frame_2458.jpg,5,5,0.0,-1
frame_2459.jpg,5,5,0.0,-1
frame_2460.jpg,5,5,0.0,-1
frame_2461.jpg,5,5,0.0,-1
frame_2462.jpg,5,5,0.0,-1
frame_2463.jpg,5,5,0.0,-1
frame_2464.jpg,5,5,0.0,-1
frame_2465.jpg,5,5,0.0,-1
frame_2466.jpg,5,5,0.0,-1
frame_2467.jpg,5,5,0.0,-1
frame_2468.jpg,5,5,0.0,-1
frame_2469.jpg,5,5,0.0,-1
frame_2470.jpg,5,5,0.0,-1
frame_2471.jpg,5,5,0.0,-1
frame_2472.jpg,5,5,0.0,-1
frame_2473.jpg,5,5,0.0,-1
frame_2474.jpg,5,5,0.0,-1
frame_2475.jpg,5,5,0.0,-1
frame_2476.jpg,5,5,0.0,-1
frame_2477.jpg,5,5,0.0,-1
frame_2478.jpg,5,5,0.0,-1
frame_2479.jpg,5,5,0.0,-1
frame_2480.jpg,5,5,0.0,-1
frame_2481.jpg,5,5,0.0,-1
frame_2482.jpg,5,5,0.0,-1
frame_2483.jpg,5,5,0.0,-1
frame_2484.jpg,5,5,0.0,-1
frame_2485.jpg,5,5,0.0,-1
frame_2486.jpg,5,5,0.0,-1
frame_2487.jpg,5,5,0.0,-1
frame_2488.jpg,5,5,0.0,-1
frame_2489.jpg,5,5,0.0,-1
frame_2490.jpg,5,5,0.0,-1
frame_2491.jpg,5,5,0.0,-1
frame_2492.jpg,5,5,0.0,-1
frame_2493.jpg,5,5,0.0,-1
frame_2494.jpg,5,5,0.0,-1
frame_2495.jpg,5,5,0.0,-1
frame_2496.jpg,5,5,0.0,-1
frame_2497.jpg,5,5,0.0,-1
frame_2498.jpg,5,5,0.0,-1
frame_2499.jpg,5,5,0.0,-1
